target,split,source_entry,output_path
blueberry,test,블루베리 모음집/20260521_050233604_iOS.heic,C:\Users\dhtmd\OneDrive\바탕 화면\robotarm\yolo\labeling_tools\blueberry_test_images\20260521_050233604_iOS.jpg
blueberry,train,블루베리 모음집/20260521_050234486_iOS.heic,C:\Users\dhtmd\OneDrive\바탕 화면\robotarm\yolo\labeling_tools\blueberry_jpg\20260521_050234486_iOS.jpg
blueberry,train,블루베리 모음집/20260521_050235184_iOS.heic,C:\Users\dhtmd\OneDrive\바탕 화면\robotarm\yolo\labeling_tools\blueberry_jpg\20260521_050235184_iOS.jpg
blueberry,train,블루베리 모음집/20260521_050235902_iOS.heic,C:\Users\dhtmd\OneDrive\바탕 화면\robotarm\yolo\labeling_tools\blueberry_jpg\20260521_050235902_iOS.jpg
blueberry,train,블루베리 모음집/20260521_050239446_iOS.heic,C:\Users\dhtmd\OneDrive\바탕 화면\robotarm\yolo\labeling_tools\blueberry_jpg\20260521_050239446_iOS.jpg
blueberry,train,블루베리 모음집/20260521_050245547_iOS.heic,C:\Users\dhtmd\OneDrive\바탕 화면\robotarm\yolo\labeling_tools\blueberry_jpg\20260521_050245547_iOS.jpg
blueberry,test,블루베리 모음집/20260521_050246181_iOS.heic,C:\Users\dhtmd\OneDrive\바탕 화면\robotarm\yolo\labeling_tools\blueberry_test_images\20260521_050246181_iOS.jpg
blueberry,train,블루베리 모음집/20260521_050246836_iOS.heic,C:\Users\dhtmd\OneDrive\바탕 화면\robotarm\yolo\labeling_tools\blueberry_jpg\20260521_050246836_iOS.jpg
blueberry,train,블루베리 모음집/20260521_050247514_iOS.heic,C:\Users\dhtmd\OneDrive\바탕 화면\robotarm\yolo\labeling_tools\blueberry_jpg\20260521_050247514_iOS.jpg
blueberry,train,블루베리 모음집/20260521_050248116_iOS.heic,C:\Users\dhtmd\OneDrive\바탕 화면\robotarm\yolo\labeling_tools\blueberry_jpg\20260521_050248116_iOS.jpg
blueberry,train,블루베리 모음집/20260521_050248849_iOS.heic,C:\Users\dhtmd\OneDrive\바탕 화면\robotarm\yolo\labeling_tools\blueberry_jpg\20260521_050248849_iOS.jpg
blueberry,train,블루베리 모음집/20260521_050249863_iOS.heic,C:\Users\dhtmd\OneDrive\바탕 화면\robotarm\yolo\labeling_tools\blueberry_jpg\20260521_050249863_iOS.jpg
blueberry,test,블루베리 모음집/20260521_050250611_iOS.heic,C:\Users\dhtmd\OneDrive\바탕 화면\robotarm\yolo\labeling_tools\blueberry_test_images\20260521_050250611_iOS.jpg
blueberry,train,블루베리 모음집/20260521_050251481_iOS.heic,C:\Users\dhtmd\OneDrive\바탕 화면\robotarm\yolo\labeling_tools\blueberry_jpg\20260521_050251481_iOS.jpg
blueberry,train,블루베리 모음집/20260521_050252125_iOS.heic,C:\Users\dhtmd\OneDrive\바탕 화면\robotarm\yolo\labeling_tools\blueberry_jpg\20260521_050252125_iOS.jpg
blueberry,train,블루베리 모음집/20260521_050252993_iOS.heic,C:\Users\dhtmd\OneDrive\바탕 화면\robotarm\yolo\labeling_tools\blueberry_jpg\20260521_050252993_iOS.jpg
blueberry,train,블루베리 모음집/20260521_050253576_iOS.heic,C:\Users\dhtmd\OneDrive\바탕 화면\robotarm\yolo\labeling_tools\blueberry_jpg\20260521_050253576_iOS.jpg
blueberry,train,블루베리 모음집/20260521_050254270_iOS.heic,C:\Users\dhtmd\OneDrive\바탕 화면\robotarm\yolo\labeling_tools\blueberry_jpg\20260521_050254270_iOS.jpg
blueberry,test,블루베리 모음집/20260521_050259024_iOS.heic,C:\Users\dhtmd\OneDrive\바탕 화면\robotarm\yolo\labeling_tools\blueberry_test_images\20260521_050259024_iOS.jpg
blueberry,train,블루베리 모음집/20260521_050300022_iOS.heic,C:\Users\dhtmd\OneDrive\바탕 화면\robotarm\yolo\labeling_tools\blueberry_jpg\20260521_050300022_iOS.jpg
blueberry,train,블루베리 모음집/20260521_050300411_iOS.heic,C:\Users\dhtmd\OneDrive\바탕 화면\robotarm\yolo\labeling_tools\blueberry_jpg\20260521_050300411_iOS.jpg
blueberry,train,블루베리 모음집/20260521_050302866_iOS.heic,C:\Users\dhtmd\OneDrive\바탕 화면\robotarm\yolo\labeling_tools\blueberry_jpg\20260521_050302866_iOS.jpg
blueberry,train,블루베리 모음집/20260521_050303395_iOS.heic,C:\Users\dhtmd\OneDrive\바탕 화면\robotarm\yolo\labeling_tools\blueberry_jpg\20260521_050303395_iOS.jpg
blueberry,train,블루베리 모음집/20260521_050304138_iOS.heic,C:\Users\dhtmd\OneDrive\바탕 화면\robotarm\yolo\labeling_tools\blueberry_jpg\20260521_050304138_iOS.jpg
blueberry,test,블루베리 모음집/20260521_050304747_iOS.heic,C:\Users\dhtmd\OneDrive\바탕 화면\robotarm\yolo\labeling_tools\blueberry_test_images\20260521_050304747_iOS.jpg
blueberry,train,블루베리 모음집/20260521_050305574_iOS.heic,C:\Users\dhtmd\OneDrive\바탕 화면\robotarm\yolo\labeling_tools\blueberry_jpg\20260521_050305574_iOS.jpg
blueberry,train,블루베리 모음집/20260521_050306278_iOS.heic,C:\Users\dhtmd\OneDrive\바탕 화면\robotarm\yolo\labeling_tools\blueberry_jpg\20260521_050306278_iOS.jpg
blueberry,train,블루베리 모음집/20260521_050307418_iOS.heic,C:\Users\dhtmd\OneDrive\바탕 화면\robotarm\yolo\labeling_tools\blueberry_jpg\20260521_050307418_iOS.jpg
blueberry,train,블루베리 모음집/20260521_050307968_iOS.heic,C:\Users\dhtmd\OneDrive\바탕 화면\robotarm\yolo\labeling_tools\blueberry_jpg\20260521_050307968_iOS.jpg
blueberry,train,블루베리 모음집/20260521_050311885_iOS.heic,C:\Users\dhtmd\OneDrive\바탕 화면\robotarm\yolo\labeling_tools\blueberry_jpg\20260521_050311885_iOS.jpg
blueberry,test,블루베리 모음집/20260521_050312434_iOS.heic,C:\Users\dhtmd\OneDrive\바탕 화면\robotarm\yolo\labeling_tools\blueberry_test_images\20260521_050312434_iOS.jpg
blueberry,train,블루베리 모음집/20260521_050313052_iOS.heic,C:\Users\dhtmd\OneDrive\바탕 화면\robotarm\yolo\labeling_tools\blueberry_jpg\20260521_050313052_iOS.jpg
blueberry,train,블루베리 모음집/20260521_050313624_iOS.heic,C:\Users\dhtmd\OneDrive\바탕 화면\robotarm\yolo\labeling_tools\blueberry_jpg\20260521_050313624_iOS.jpg
blueberry,train,블루베리 모음집/20260521_050314758_iOS.heic,C:\Users\dhtmd\OneDrive\바탕 화면\robotarm\yolo\labeling_tools\blueberry_jpg\20260521_050314758_iOS.jpg
blueberry,train,블루베리 모음집/20260521_050315137_iOS.heic,C:\Users\dhtmd\OneDrive\바탕 화면\robotarm\yolo\labeling_tools\blueberry_jpg\20260521_050315137_iOS.jpg
blueberry,train,블루베리 모음집/20260521_050315879_iOS.heic,C:\Users\dhtmd\OneDrive\바탕 화면\robotarm\yolo\labeling_tools\blueberry_jpg\20260521_050315879_iOS.jpg
blueberry,test,블루베리 모음집/20260521_050316409_iOS.heic,C:\Users\dhtmd\OneDrive\바탕 화면\robotarm\yolo\labeling_tools\blueberry_test_images\20260521_050316409_iOS.jpg
blueberry,train,블루베리 모음집/20260521_050317100_iOS.heic,C:\Users\dhtmd\OneDrive\바탕 화면\robotarm\yolo\labeling_tools\blueberry_jpg\20260521_050317100_iOS.jpg
blueberry,train,블루베리 모음집/20260521_050317487_iOS.heic,C:\Users\dhtmd\OneDrive\바탕 화면\robotarm\yolo\labeling_tools\blueberry_jpg\20260521_050317487_iOS.jpg
blueberry,train,블루베리 모음집/20260521_050318004_iOS.heic,C:\Users\dhtmd\OneDrive\바탕 화면\robotarm\yolo\labeling_tools\blueberry_jpg\20260521_050318004_iOS.jpg
blueberry,train,블루베리 모음집/20260521_050321895_iOS.heic,C:\Users\dhtmd\OneDrive\바탕 화면\robotarm\yolo\labeling_tools\blueberry_jpg\20260521_050321895_iOS.jpg
blueberry,train,블루베리 모음집/20260521_050324103_iOS.heic,C:\Users\dhtmd\OneDrive\바탕 화면\robotarm\yolo\labeling_tools\blueberry_jpg\20260521_050324103_iOS.jpg
blueberry,test,블루베리 모음집/20260521_050324644_iOS.heic,C:\Users\dhtmd\OneDrive\바탕 화면\robotarm\yolo\labeling_tools\blueberry_test_images\20260521_050324644_iOS.jpg
blueberry,train,블루베리 모음집/20260521_050328124_iOS.heic,C:\Users\dhtmd\OneDrive\바탕 화면\robotarm\yolo\labeling_tools\blueberry_jpg\20260521_050328124_iOS.jpg
blueberry,train,블루베리 모음집/20260521_050329784_iOS.heic,C:\Users\dhtmd\OneDrive\바탕 화면\robotarm\yolo\labeling_tools\blueberry_jpg\20260521_050329784_iOS.jpg
blueberry,train,블루베리 모음집/20260521_050330302_iOS.heic,C:\Users\dhtmd\OneDrive\바탕 화면\robotarm\yolo\labeling_tools\blueberry_jpg\20260521_050330302_iOS.jpg
blueberry,train,블루베리 모음집/20260521_050330950_iOS.heic,C:\Users\dhtmd\OneDrive\바탕 화면\robotarm\yolo\labeling_tools\blueberry_jpg\20260521_050330950_iOS.jpg
blueberry,train,블루베리 모음집/20260521_050331513_iOS.heic,C:\Users\dhtmd\OneDrive\바탕 화면\robotarm\yolo\labeling_tools\blueberry_jpg\20260521_050331513_iOS.jpg
blueberry,test,블루베리 모음집/20260521_050332036_iOS.heic,C:\Users\dhtmd\OneDrive\바탕 화면\robotarm\yolo\labeling_tools\blueberry_test_images\20260521_050332036_iOS.jpg
blueberry,train,블루베리 모음집/20260521_050332593_iOS.heic,C:\Users\dhtmd\OneDrive\바탕 화면\robotarm\yolo\labeling_tools\blueberry_jpg\20260521_050332593_iOS.jpg
blueberry,train,블루베리 모음집/20260521_050333177_iOS.heic,C:\Users\dhtmd\OneDrive\바탕 화면\robotarm\yolo\labeling_tools\blueberry_jpg\20260521_050333177_iOS.jpg
blueberry,train,블루베리 모음집/20260521_050333824_iOS.heic,C:\Users\dhtmd\OneDrive\바탕 화면\robotarm\yolo\labeling_tools\blueberry_jpg\20260521_050333824_iOS.jpg
blueberry,train,블루베리 모음집/20260521_050336865_iOS.heic,C:\Users\dhtmd\OneDrive\바탕 화면\robotarm\yolo\labeling_tools\blueberry_jpg\20260521_050336865_iOS.jpg
blueberry,train,블루베리 모음집/20260521_050340187_iOS.heic,C:\Users\dhtmd\OneDrive\바탕 화면\robotarm\yolo\labeling_tools\blueberry_jpg\20260521_050340187_iOS.jpg
blueberry,train,블루베리 모음집/20260521_050345255_iOS.heic,C:\Users\dhtmd\OneDrive\바탕 화면\robotarm\yolo\labeling_tools\blueberry_jpg\20260521_050345255_iOS.jpg
blueberry,test,블루베리 모음집/20260521_050346672_iOS.heic,C:\Users\dhtmd\OneDrive\바탕 화면\robotarm\yolo\labeling_tools\blueberry_test_images\20260521_050346672_iOS.jpg
blueberry,train,블루베리 모음집/20260521_050347473_iOS.heic,C:\Users\dhtmd\OneDrive\바탕 화면\robotarm\yolo\labeling_tools\blueberry_jpg\20260521_050347473_iOS.jpg
blueberry,train,블루베리 모음집/20260521_050349755_iOS.heic,C:\Users\dhtmd\OneDrive\바탕 화면\robotarm\yolo\labeling_tools\blueberry_jpg\20260521_050349755_iOS.jpg
blueberry,train,블루베리 모음집/20260521_050351442_iOS.heic,C:\Users\dhtmd\OneDrive\바탕 화면\robotarm\yolo\labeling_tools\blueberry_jpg\20260521_050351442_iOS.jpg
blueberry,train,블루베리 모음집/20260521_050414557_iOS.heic,C:\Users\dhtmd\OneDrive\바탕 화면\robotarm\yolo\labeling_tools\blueberry_jpg\20260521_050414557_iOS.jpg
blueberry,train,블루베리 모음집/20260521_050417773_iOS.heic,C:\Users\dhtmd\OneDrive\바탕 화면\robotarm\yolo\labeling_tools\blueberry_jpg\20260521_050417773_iOS.jpg
blueberry,test,블루베리 모음집/20260521_050418281_iOS.heic,C:\Users\dhtmd\OneDrive\바탕 화면\robotarm\yolo\labeling_tools\blueberry_test_images\20260521_050418281_iOS.jpg
blueberry,train,블루베리 모음집/20260521_050418966_iOS.heic,C:\Users\dhtmd\OneDrive\바탕 화면\robotarm\yolo\labeling_tools\blueberry_jpg\20260521_050418966_iOS.jpg
blueberry,train,블루베리 모음집/20260521_050419506_iOS.heic,C:\Users\dhtmd\OneDrive\바탕 화면\robotarm\yolo\labeling_tools\blueberry_jpg\20260521_050419506_iOS.jpg
blueberry,train,블루베리 모음집/20260521_050420108_iOS.heic,C:\Users\dhtmd\OneDrive\바탕 화면\robotarm\yolo\labeling_tools\blueberry_jpg\20260521_050420108_iOS.jpg
blueberry,train,블루베리 모음집/20260521_050420616_iOS.heic,C:\Users\dhtmd\OneDrive\바탕 화면\robotarm\yolo\labeling_tools\blueberry_jpg\20260521_050420616_iOS.jpg
blueberry,train,블루베리 모음집/20260521_050421478_iOS.heic,C:\Users\dhtmd\OneDrive\바탕 화면\robotarm\yolo\labeling_tools\blueberry_jpg\20260521_050421478_iOS.jpg
blueberry,test,블루베리 모음집/20260521_050423629_iOS.heic,C:\Users\dhtmd\OneDrive\바탕 화면\robotarm\yolo\labeling_tools\blueberry_test_images\20260521_050423629_iOS.jpg
blueberry,train,블루베리 모음집/20260521_050424644_iOS.heic,C:\Users\dhtmd\OneDrive\바탕 화면\robotarm\yolo\labeling_tools\blueberry_jpg\20260521_050424644_iOS.jpg
blueberry,train,블루베리 모음집/20260521_050427987_iOS.heic,C:\Users\dhtmd\OneDrive\바탕 화면\robotarm\yolo\labeling_tools\blueberry_jpg\20260521_050427987_iOS.jpg
blueberry,train,블루베리 모음집/20260521_050429446_iOS.heic,C:\Users\dhtmd\OneDrive\바탕 화면\robotarm\yolo\labeling_tools\blueberry_jpg\20260521_050429446_iOS.jpg
blueberry,train,블루베리 모음집/20260521_050430291_iOS.heic,C:\Users\dhtmd\OneDrive\바탕 화면\robotarm\yolo\labeling_tools\blueberry_jpg\20260521_050430291_iOS.jpg
blueberry,train,블루베리 모음집/20260521_050431244_iOS.heic,C:\Users\dhtmd\OneDrive\바탕 화면\robotarm\yolo\labeling_tools\blueberry_jpg\20260521_050431244_iOS.jpg
blueberry,test,블루베리 모음집/20260521_050431897_iOS.heic,C:\Users\dhtmd\OneDrive\바탕 화면\robotarm\yolo\labeling_tools\blueberry_test_images\20260521_050431897_iOS.jpg
blueberry,train,블루베리 모음집/20260521_050432464_iOS.heic,C:\Users\dhtmd\OneDrive\바탕 화면\robotarm\yolo\labeling_tools\blueberry_jpg\20260521_050432464_iOS.jpg
blueberry,train,블루베리 모음집/20260521_050433038_iOS.heic,C:\Users\dhtmd\OneDrive\바탕 화면\robotarm\yolo\labeling_tools\blueberry_jpg\20260521_050433038_iOS.jpg
blueberry,train,블루베리 모음집/20260521_050433556_iOS.heic,C:\Users\dhtmd\OneDrive\바탕 화면\robotarm\yolo\labeling_tools\blueberry_jpg\20260521_050433556_iOS.jpg
blueberry,train,블루베리 모음집/20260521_050434117_iOS.heic,C:\Users\dhtmd\OneDrive\바탕 화면\robotarm\yolo\labeling_tools\blueberry_jpg\20260521_050434117_iOS.jpg
blueberry,train,블루베리 모음집/20260521_050434864_iOS.heic,C:\Users\dhtmd\OneDrive\바탕 화면\robotarm\yolo\labeling_tools\blueberry_jpg\20260521_050434864_iOS.jpg
blueberry,test,블루베리 모음집/20260521_050435478_iOS.heic,C:\Users\dhtmd\OneDrive\바탕 화면\robotarm\yolo\labeling_tools\blueberry_test_images\20260521_050435478_iOS.jpg
blueberry,train,블루베리 모음집/20260521_050436723_iOS.heic,C:\Users\dhtmd\OneDrive\바탕 화면\robotarm\yolo\labeling_tools\blueberry_jpg\20260521_050436723_iOS.jpg
blueberry,train,블루베리 모음집/20260521_050438818_iOS.heic,C:\Users\dhtmd\OneDrive\바탕 화면\robotarm\yolo\labeling_tools\blueberry_jpg\20260521_050438818_iOS.jpg
blueberry,train,블루베리 모음집/20260521_050439650_iOS.heic,C:\Users\dhtmd\OneDrive\바탕 화면\robotarm\yolo\labeling_tools\blueberry_jpg\20260521_050439650_iOS.jpg
blueberry,train,블루베리 모음집/20260521_050441936_iOS.heic,C:\Users\dhtmd\OneDrive\바탕 화면\robotarm\yolo\labeling_tools\blueberry_jpg\20260521_050441936_iOS.jpg
blueberry,train,블루베리 모음집/20260521_050442530_iOS.heic,C:\Users\dhtmd\OneDrive\바탕 화면\robotarm\yolo\labeling_tools\blueberry_jpg\20260521_050442530_iOS.jpg
blueberry,test,블루베리 모음집/20260521_050443422_iOS.heic,C:\Users\dhtmd\OneDrive\바탕 화면\robotarm\yolo\labeling_tools\blueberry_test_images\20260521_050443422_iOS.jpg
blueberry,train,블루베리 모음집/20260521_050444066_iOS.heic,C:\Users\dhtmd\OneDrive\바탕 화면\robotarm\yolo\labeling_tools\blueberry_jpg\20260521_050444066_iOS.jpg
blueberry,train,블루베리 모음집/20260521_050444770_iOS.heic,C:\Users\dhtmd\OneDrive\바탕 화면\robotarm\yolo\labeling_tools\blueberry_jpg\20260521_050444770_iOS.jpg
blueberry,train,블루베리 모음집/20260521_050445216_iOS.heic,C:\Users\dhtmd\OneDrive\바탕 화면\robotarm\yolo\labeling_tools\blueberry_jpg\20260521_050445216_iOS.jpg
blueberry,train,블루베리 모음집/20260521_050445738_iOS.heic,C:\Users\dhtmd\OneDrive\바탕 화면\robotarm\yolo\labeling_tools\blueberry_jpg\20260521_050445738_iOS.jpg
blueberry,train,블루베리 모음집/20260521_050446370_iOS.heic,C:\Users\dhtmd\OneDrive\바탕 화면\robotarm\yolo\labeling_tools\blueberry_jpg\20260521_050446370_iOS.jpg
blueberry,test,블루베리 모음집/20260521_050446893_iOS.heic,C:\Users\dhtmd\OneDrive\바탕 화면\robotarm\yolo\labeling_tools\blueberry_test_images\20260521_050446893_iOS.jpg
blueberry,train,블루베리 모음집/20260521_050447533_iOS.heic,C:\Users\dhtmd\OneDrive\바탕 화면\robotarm\yolo\labeling_tools\blueberry_jpg\20260521_050447533_iOS.jpg
blueberry,train,블루베리 모음집/20260521_050448133_iOS.heic,C:\Users\dhtmd\OneDrive\바탕 화면\robotarm\yolo\labeling_tools\blueberry_jpg\20260521_050448133_iOS.jpg
blueberry,train,블루베리 모음집/20260521_050448733_iOS.heic,C:\Users\dhtmd\OneDrive\바탕 화면\robotarm\yolo\labeling_tools\blueberry_jpg\20260521_050448733_iOS.jpg
blueberry,train,블루베리 모음집/20260521_050449372_iOS.heic,C:\Users\dhtmd\OneDrive\바탕 화면\robotarm\yolo\labeling_tools\blueberry_jpg\20260521_050449372_iOS.jpg
blueberry,train,블루베리 모음집/20260521_050449867_iOS.heic,C:\Users\dhtmd\OneDrive\바탕 화면\robotarm\yolo\labeling_tools\blueberry_jpg\20260521_050449867_iOS.jpg
blueberry,test,블루베리 모음집/20260521_050450427_iOS.heic,C:\Users\dhtmd\OneDrive\바탕 화면\robotarm\yolo\labeling_tools\blueberry_test_images\20260521_050450427_iOS.jpg
blueberry,train,블루베리 모음집/20260521_050451020_iOS.heic,C:\Users\dhtmd\OneDrive\바탕 화면\robotarm\yolo\labeling_tools\blueberry_jpg\20260521_050451020_iOS.jpg
blueberry,train,블루베리 모음집/20260521_050451515_iOS.heic,C:\Users\dhtmd\OneDrive\바탕 화면\robotarm\yolo\labeling_tools\blueberry_jpg\20260521_050451515_iOS.jpg
blueberry,train,블루베리 모음집/20260521_050452118_iOS.heic,C:\Users\dhtmd\OneDrive\바탕 화면\robotarm\yolo\labeling_tools\blueberry_jpg\20260521_050452118_iOS.jpg
blueberry,train,블루베리 모음집/20260521_050452743_iOS.heic,C:\Users\dhtmd\OneDrive\바탕 화면\robotarm\yolo\labeling_tools\blueberry_jpg\20260521_050452743_iOS.jpg
blueberry,train,블루베리 모음집/20260521_050453362_iOS.heic,C:\Users\dhtmd\OneDrive\바탕 화면\robotarm\yolo\labeling_tools\blueberry_jpg\20260521_050453362_iOS.jpg
blueberry,test,블루베리 모음집/20260521_051821754_iOS.heic,C:\Users\dhtmd\OneDrive\바탕 화면\robotarm\yolo\labeling_tools\blueberry_test_images\20260521_051821754_iOS.jpg
blueberry,train,블루베리 모음집/20260521_051823073_iOS.heic,C:\Users\dhtmd\OneDrive\바탕 화면\robotarm\yolo\labeling_tools\blueberry_jpg\20260521_051823073_iOS.jpg
blueberry,train,블루베리 모음집/20260521_051826253_iOS.heic,C:\Users\dhtmd\OneDrive\바탕 화면\robotarm\yolo\labeling_tools\blueberry_jpg\20260521_051826253_iOS.jpg
blueberry,train,블루베리 모음집/20260521_051827146_iOS.heic,C:\Users\dhtmd\OneDrive\바탕 화면\robotarm\yolo\labeling_tools\blueberry_jpg\20260521_051827146_iOS.jpg
blueberry,train,블루베리 모음집/20260521_051827541_iOS.heic,C:\Users\dhtmd\OneDrive\바탕 화면\robotarm\yolo\labeling_tools\blueberry_jpg\20260521_051827541_iOS.jpg
blueberry,train,블루베리 모음집/20260521_051828176_iOS.heic,C:\Users\dhtmd\OneDrive\바탕 화면\robotarm\yolo\labeling_tools\blueberry_jpg\20260521_051828176_iOS.jpg
blueberry,test,블루베리 모음집/20260521_051828691_iOS.heic,C:\Users\dhtmd\OneDrive\바탕 화면\robotarm\yolo\labeling_tools\blueberry_test_images\20260521_051828691_iOS.jpg
blueberry,train,블루베리 모음집/20260521_051829511_iOS.heic,C:\Users\dhtmd\OneDrive\바탕 화면\robotarm\yolo\labeling_tools\blueberry_jpg\20260521_051829511_iOS.jpg
blueberry,train,블루베리 모음집/20260521_051829987_iOS.heic,C:\Users\dhtmd\OneDrive\바탕 화면\robotarm\yolo\labeling_tools\blueberry_jpg\20260521_051829987_iOS.jpg
blueberry,train,블루베리 모음집/20260521_051830681_iOS.heic,C:\Users\dhtmd\OneDrive\바탕 화면\robotarm\yolo\labeling_tools\blueberry_jpg\20260521_051830681_iOS.jpg
blueberry,train,블루베리 모음집/20260521_051831391_iOS.heic,C:\Users\dhtmd\OneDrive\바탕 화면\robotarm\yolo\labeling_tools\blueberry_jpg\20260521_051831391_iOS.jpg
blueberry,train,블루베리 모음집/20260521_051831961_iOS.heic,C:\Users\dhtmd\OneDrive\바탕 화면\robotarm\yolo\labeling_tools\blueberry_jpg\20260521_051831961_iOS.jpg
blueberry,test,블루베리 모음집/20260521_051837515_iOS.heic,C:\Users\dhtmd\OneDrive\바탕 화면\robotarm\yolo\labeling_tools\blueberry_test_images\20260521_051837515_iOS.jpg
blueberry,train,블루베리 모음집/20260521_051838499_iOS.heic,C:\Users\dhtmd\OneDrive\바탕 화면\robotarm\yolo\labeling_tools\blueberry_jpg\20260521_051838499_iOS.jpg
blueberry,train,블루베리 모음집/20260521_051840308_iOS.heic,C:\Users\dhtmd\OneDrive\바탕 화면\robotarm\yolo\labeling_tools\blueberry_jpg\20260521_051840308_iOS.jpg
blueberry,train,블루베리 모음집/20260521_051841249_iOS.heic,C:\Users\dhtmd\OneDrive\바탕 화면\robotarm\yolo\labeling_tools\blueberry_jpg\20260521_051841249_iOS.jpg
blueberry,train,블루베리 모음집/20260521_051842014_iOS.heic,C:\Users\dhtmd\OneDrive\바탕 화면\robotarm\yolo\labeling_tools\blueberry_jpg\20260521_051842014_iOS.jpg
blueberry,train,블루베리 모음집/20260521_051842831_iOS.heic,C:\Users\dhtmd\OneDrive\바탕 화면\robotarm\yolo\labeling_tools\blueberry_jpg\20260521_051842831_iOS.jpg
blueberry,test,블루베리 모음집/20260521_051843689_iOS.heic,C:\Users\dhtmd\OneDrive\바탕 화면\robotarm\yolo\labeling_tools\blueberry_test_images\20260521_051843689_iOS.jpg
blueberry,train,블루베리 모음집/20260521_051847051_iOS.heic,C:\Users\dhtmd\OneDrive\바탕 화면\robotarm\yolo\labeling_tools\blueberry_jpg\20260521_051847051_iOS.jpg
blueberry,train,블루베리 모음집/20260521_051847622_iOS.heic,C:\Users\dhtmd\OneDrive\바탕 화면\robotarm\yolo\labeling_tools\blueberry_jpg\20260521_051847622_iOS.jpg
blueberry,train,블루베리 모음집/20260521_051848298_iOS.heic,C:\Users\dhtmd\OneDrive\바탕 화면\robotarm\yolo\labeling_tools\blueberry_jpg\20260521_051848298_iOS.jpg
blueberry,train,블루베리 모음집/20260521_051848861_iOS.heic,C:\Users\dhtmd\OneDrive\바탕 화면\robotarm\yolo\labeling_tools\blueberry_jpg\20260521_051848861_iOS.jpg
blueberry,train,블루베리 모음집/20260521_051849489_iOS.heic,C:\Users\dhtmd\OneDrive\바탕 화면\robotarm\yolo\labeling_tools\blueberry_jpg\20260521_051849489_iOS.jpg
blueberry,test,블루베리 모음집/20260521_051850259_iOS.heic,C:\Users\dhtmd\OneDrive\바탕 화면\robotarm\yolo\labeling_tools\blueberry_test_images\20260521_051850259_iOS.jpg
blueberry,train,블루베리 모음집/20260521_051850877_iOS.heic,C:\Users\dhtmd\OneDrive\바탕 화면\robotarm\yolo\labeling_tools\blueberry_jpg\20260521_051850877_iOS.jpg
blueberry,train,블루베리 모음집/20260521_051851483_iOS.heic,C:\Users\dhtmd\OneDrive\바탕 화면\robotarm\yolo\labeling_tools\blueberry_jpg\20260521_051851483_iOS.jpg
blueberry,train,블루베리 모음집/20260521_051852273_iOS.heic,C:\Users\dhtmd\OneDrive\바탕 화면\robotarm\yolo\labeling_tools\blueberry_jpg\20260521_051852273_iOS.jpg
blueberry,train,블루베리 모음집/20260521_051852936_iOS.heic,C:\Users\dhtmd\OneDrive\바탕 화면\robotarm\yolo\labeling_tools\blueberry_jpg\20260521_051852936_iOS.jpg
blueberry,train,블루베리 모음집/20260521_051853652_iOS.heic,C:\Users\dhtmd\OneDrive\바탕 화면\robotarm\yolo\labeling_tools\blueberry_jpg\20260521_051853652_iOS.jpg
blueberry,test,블루베리 모음집/20260521_051854344_iOS.heic,C:\Users\dhtmd\OneDrive\바탕 화면\robotarm\yolo\labeling_tools\blueberry_test_images\20260521_051854344_iOS.jpg
blueberry,train,블루베리 모음집/20260521_051855043_iOS.heic,C:\Users\dhtmd\OneDrive\바탕 화면\robotarm\yolo\labeling_tools\blueberry_jpg\20260521_051855043_iOS.jpg
blueberry,train,블루베리 모음집/20260521_051855702_iOS.heic,C:\Users\dhtmd\OneDrive\바탕 화면\robotarm\yolo\labeling_tools\blueberry_jpg\20260521_051855702_iOS.jpg
blueberry,train,블루베리 모음집/20260521_051856405_iOS.heic,C:\Users\dhtmd\OneDrive\바탕 화면\robotarm\yolo\labeling_tools\blueberry_jpg\20260521_051856405_iOS.jpg
blueberry,train,블루베리 모음집/20260521_051856992_iOS.heic,C:\Users\dhtmd\OneDrive\바탕 화면\robotarm\yolo\labeling_tools\blueberry_jpg\20260521_051856992_iOS.jpg
blueberry,train,블루베리 모음집/20260521_051857635_iOS.heic,C:\Users\dhtmd\OneDrive\바탕 화면\robotarm\yolo\labeling_tools\blueberry_jpg\20260521_051857635_iOS.jpg
blueberry,test,블루베리 모음집/20260521_051858274_iOS.heic,C:\Users\dhtmd\OneDrive\바탕 화면\robotarm\yolo\labeling_tools\blueberry_test_images\20260521_051858274_iOS.jpg
blueberry,train,블루베리 모음집/20260521_051858876_iOS.heic,C:\Users\dhtmd\OneDrive\바탕 화면\robotarm\yolo\labeling_tools\blueberry_jpg\20260521_051858876_iOS.jpg
blueberry,train,블루베리 모음집/20260521_051859618_iOS.heic,C:\Users\dhtmd\OneDrive\바탕 화면\robotarm\yolo\labeling_tools\blueberry_jpg\20260521_051859618_iOS.jpg
blueberry,train,블루베리 모음집/20260521_051900255_iOS.heic,C:\Users\dhtmd\OneDrive\바탕 화면\robotarm\yolo\labeling_tools\blueberry_jpg\20260521_051900255_iOS.jpg
blueberry,train,블루베리 모음집/20260521_051900954_iOS.heic,C:\Users\dhtmd\OneDrive\바탕 화면\robotarm\yolo\labeling_tools\blueberry_jpg\20260521_051900954_iOS.jpg
blueberry,train,블루베리 모음집/20260521_051912102_iOS.heic,C:\Users\dhtmd\OneDrive\바탕 화면\robotarm\yolo\labeling_tools\blueberry_jpg\20260521_051912102_iOS.jpg
blueberry,test,블루베리 모음집/20260521_051918911_iOS.heic,C:\Users\dhtmd\OneDrive\바탕 화면\robotarm\yolo\labeling_tools\blueberry_test_images\20260521_051918911_iOS.jpg
blueberry,train,블루베리 모음집/20260521_051919956_iOS.heic,C:\Users\dhtmd\OneDrive\바탕 화면\robotarm\yolo\labeling_tools\blueberry_jpg\20260521_051919956_iOS.jpg
blueberry,train,블루베리 모음집/20260521_051920927_iOS.heic,C:\Users\dhtmd\OneDrive\바탕 화면\robotarm\yolo\labeling_tools\blueberry_jpg\20260521_051920927_iOS.jpg
blueberry,train,블루베리 모음집/20260521_051922291_iOS.heic,C:\Users\dhtmd\OneDrive\바탕 화면\robotarm\yolo\labeling_tools\blueberry_jpg\20260521_051922291_iOS.jpg
blueberry,train,블루베리 모음집/20260521_051922823_iOS.heic,C:\Users\dhtmd\OneDrive\바탕 화면\robotarm\yolo\labeling_tools\blueberry_jpg\20260521_051922823_iOS.jpg
blueberry,train,블루베리 모음집/20260521_051923534_iOS.heic,C:\Users\dhtmd\OneDrive\바탕 화면\robotarm\yolo\labeling_tools\blueberry_jpg\20260521_051923534_iOS.jpg
blueberry,train,블루베리 모음집/20260521_051924020_iOS.heic,C:\Users\dhtmd\OneDrive\바탕 화면\robotarm\yolo\labeling_tools\blueberry_jpg\20260521_051924020_iOS.jpg
blueberry,test,블루베리 모음집/20260521_051924542_iOS.heic,C:\Users\dhtmd\OneDrive\바탕 화면\robotarm\yolo\labeling_tools\blueberry_test_images\20260521_051924542_iOS.jpg
blueberry,train,블루베리 모음집/20260521_051925209_iOS.heic,C:\Users\dhtmd\OneDrive\바탕 화면\robotarm\yolo\labeling_tools\blueberry_jpg\20260521_051925209_iOS.jpg
blueberry,train,블루베리 모음집/20260521_051925773_iOS.heic,C:\Users\dhtmd\OneDrive\바탕 화면\robotarm\yolo\labeling_tools\blueberry_jpg\20260521_051925773_iOS.jpg
blueberry,train,블루베리 모음집/20260521_051926464_iOS.heic,C:\Users\dhtmd\OneDrive\바탕 화면\robotarm\yolo\labeling_tools\blueberry_jpg\20260521_051926464_iOS.jpg
blueberry,train,블루베리 모음집/20260521_051927096_iOS.heic,C:\Users\dhtmd\OneDrive\바탕 화면\robotarm\yolo\labeling_tools\blueberry_jpg\20260521_051927096_iOS.jpg
blueberry,train,블루베리 모음집/20260521_051927734_iOS.heic,C:\Users\dhtmd\OneDrive\바탕 화면\robotarm\yolo\labeling_tools\blueberry_jpg\20260521_051927734_iOS.jpg
blueberry,test,블루베리 모음집/20260521_051928280_iOS.heic,C:\Users\dhtmd\OneDrive\바탕 화면\robotarm\yolo\labeling_tools\blueberry_test_images\20260521_051928280_iOS.jpg
blueberry,train,블루베리 모음집/20260521_051928874_iOS.heic,C:\Users\dhtmd\OneDrive\바탕 화면\robotarm\yolo\labeling_tools\blueberry_jpg\20260521_051928874_iOS.jpg
blueberry,train,블루베리 모음집/20260521_051929395_iOS.heic,C:\Users\dhtmd\OneDrive\바탕 화면\robotarm\yolo\labeling_tools\blueberry_jpg\20260521_051929395_iOS.jpg
blueberry,train,블루베리 모음집/20260521_051930027_iOS.heic,C:\Users\dhtmd\OneDrive\바탕 화면\robotarm\yolo\labeling_tools\blueberry_jpg\20260521_051930027_iOS.jpg
blueberry,train,블루베리 모음집/20260521_051933176_iOS.heic,C:\Users\dhtmd\OneDrive\바탕 화면\robotarm\yolo\labeling_tools\blueberry_jpg\20260521_051933176_iOS.jpg
blueberry,train,블루베리 모음집/20260521_051933697_iOS.heic,C:\Users\dhtmd\OneDrive\바탕 화면\robotarm\yolo\labeling_tools\blueberry_jpg\20260521_051933697_iOS.jpg
blueberry,test,블루베리 모음집/20260521_051934260_iOS.heic,C:\Users\dhtmd\OneDrive\바탕 화면\robotarm\yolo\labeling_tools\blueberry_test_images\20260521_051934260_iOS.jpg
blueberry,train,블루베리 모음집/20260521_051934894_iOS.heic,C:\Users\dhtmd\OneDrive\바탕 화면\robotarm\yolo\labeling_tools\blueberry_jpg\20260521_051934894_iOS.jpg
blueberry,train,블루베리 모음집/20260521_051935544_iOS.heic,C:\Users\dhtmd\OneDrive\바탕 화면\robotarm\yolo\labeling_tools\blueberry_jpg\20260521_051935544_iOS.jpg
blueberry,train,블루베리 모음집/20260521_051936181_iOS.heic,C:\Users\dhtmd\OneDrive\바탕 화면\robotarm\yolo\labeling_tools\blueberry_jpg\20260521_051936181_iOS.jpg
blueberry,train,블루베리 모음집/20260521_051936866_iOS.heic,C:\Users\dhtmd\OneDrive\바탕 화면\robotarm\yolo\labeling_tools\blueberry_jpg\20260521_051936866_iOS.jpg
blueberry,train,블루베리 모음집/20260521_051937405_iOS.heic,C:\Users\dhtmd\OneDrive\바탕 화면\robotarm\yolo\labeling_tools\blueberry_jpg\20260521_051937405_iOS.jpg
blueberry,test,블루베리 모음집/20260521_051938076_iOS.heic,C:\Users\dhtmd\OneDrive\바탕 화면\robotarm\yolo\labeling_tools\blueberry_test_images\20260521_051938076_iOS.jpg
blueberry,train,블루베리 모음집/20260521_051938582_iOS.heic,C:\Users\dhtmd\OneDrive\바탕 화면\robotarm\yolo\labeling_tools\blueberry_jpg\20260521_051938582_iOS.jpg
blueberry,train,블루베리 모음집/20260521_051939152_iOS.heic,C:\Users\dhtmd\OneDrive\바탕 화면\robotarm\yolo\labeling_tools\blueberry_jpg\20260521_051939152_iOS.jpg
blueberry,train,블루베리 모음집/20260521_051939801_iOS.heic,C:\Users\dhtmd\OneDrive\바탕 화면\robotarm\yolo\labeling_tools\blueberry_jpg\20260521_051939801_iOS.jpg
blueberry,train,블루베리 모음집/20260521_051940530_iOS.heic,C:\Users\dhtmd\OneDrive\바탕 화면\robotarm\yolo\labeling_tools\blueberry_jpg\20260521_051940530_iOS.jpg
blueberry,train,블루베리 모음집/20260521_051941458_iOS.heic,C:\Users\dhtmd\OneDrive\바탕 화면\robotarm\yolo\labeling_tools\blueberry_jpg\20260521_051941458_iOS.jpg
blueberry,test,블루베리 모음집/20260521_051942574_iOS.heic,C:\Users\dhtmd\OneDrive\바탕 화면\robotarm\yolo\labeling_tools\blueberry_test_images\20260521_051942574_iOS.jpg
blueberry,train,블루베리 모음집/20260521_051943822_iOS.heic,C:\Users\dhtmd\OneDrive\바탕 화면\robotarm\yolo\labeling_tools\blueberry_jpg\20260521_051943822_iOS.jpg
blueberry,train,블루베리 모음집/20260521_051944488_iOS.heic,C:\Users\dhtmd\OneDrive\바탕 화면\robotarm\yolo\labeling_tools\blueberry_jpg\20260521_051944488_iOS.jpg
blueberry,train,블루베리 모음집/20260521_051945063_iOS.heic,C:\Users\dhtmd\OneDrive\바탕 화면\robotarm\yolo\labeling_tools\blueberry_jpg\20260521_051945063_iOS.jpg
blueberry,train,블루베리 모음집/20260521_051945607_iOS.heic,C:\Users\dhtmd\OneDrive\바탕 화면\robotarm\yolo\labeling_tools\blueberry_jpg\20260521_051945607_iOS.jpg
blueberry,train,블루베리 모음집/20260521_051946280_iOS.heic,C:\Users\dhtmd\OneDrive\바탕 화면\robotarm\yolo\labeling_tools\blueberry_jpg\20260521_051946280_iOS.jpg
blueberry,test,블루베리 모음집/20260521_051946917_iOS.heic,C:\Users\dhtmd\OneDrive\바탕 화면\robotarm\yolo\labeling_tools\blueberry_test_images\20260521_051946917_iOS.jpg
blueberry,train,블루베리 모음집/20260521_051948117_iOS.heic,C:\Users\dhtmd\OneDrive\바탕 화면\robotarm\yolo\labeling_tools\blueberry_jpg\20260521_051948117_iOS.jpg
blueberry,train,블루베리 모음집/20260521_051950465_iOS.heic,C:\Users\dhtmd\OneDrive\바탕 화면\robotarm\yolo\labeling_tools\blueberry_jpg\20260521_051950465_iOS.jpg
blueberry,train,블루베리 모음집/20260521_051950732_iOS.heic,C:\Users\dhtmd\OneDrive\바탕 화면\robotarm\yolo\labeling_tools\blueberry_jpg\20260521_051950732_iOS.jpg
blueberry,train,블루베리 모음집/20260521_051951282_iOS.heic,C:\Users\dhtmd\OneDrive\바탕 화면\robotarm\yolo\labeling_tools\blueberry_jpg\20260521_051951282_iOS.jpg
blueberry,train,블루베리 모음집/20260521_052010314_iOS.heic,C:\Users\dhtmd\OneDrive\바탕 화면\robotarm\yolo\labeling_tools\blueberry_jpg\20260521_052010314_iOS.jpg
blueberry,test,블루베리 모음집/20260521_052010798_iOS.heic,C:\Users\dhtmd\OneDrive\바탕 화면\robotarm\yolo\labeling_tools\blueberry_test_images\20260521_052010798_iOS.jpg
blueberry,train,블루베리 모음집/20260521_052011374_iOS.heic,C:\Users\dhtmd\OneDrive\바탕 화면\robotarm\yolo\labeling_tools\blueberry_jpg\20260521_052011374_iOS.jpg
blueberry,train,블루베리 모음집/20260521_052011918_iOS.heic,C:\Users\dhtmd\OneDrive\바탕 화면\robotarm\yolo\labeling_tools\blueberry_jpg\20260521_052011918_iOS.jpg
blueberry,train,블루베리 모음집/20260521_052012439_iOS.heic,C:\Users\dhtmd\OneDrive\바탕 화면\robotarm\yolo\labeling_tools\blueberry_jpg\20260521_052012439_iOS.jpg
blueberry,train,블루베리 모음집/20260521_052012951_iOS.heic,C:\Users\dhtmd\OneDrive\바탕 화면\robotarm\yolo\labeling_tools\blueberry_jpg\20260521_052012951_iOS.jpg
blueberry,train,블루베리 모음집/20260521_052013413_iOS.heic,C:\Users\dhtmd\OneDrive\바탕 화면\robotarm\yolo\labeling_tools\blueberry_jpg\20260521_052013413_iOS.jpg
blueberry,test,블루베리 모음집/20260521_052014052_iOS.heic,C:\Users\dhtmd\OneDrive\바탕 화면\robotarm\yolo\labeling_tools\blueberry_test_images\20260521_052014052_iOS.jpg
blueberry,train,블루베리 모음집/20260521_052014637_iOS.heic,C:\Users\dhtmd\OneDrive\바탕 화면\robotarm\yolo\labeling_tools\blueberry_jpg\20260521_052014637_iOS.jpg
blueberry,train,블루베리 모음집/20260521_052015201_iOS.heic,C:\Users\dhtmd\OneDrive\바탕 화면\robotarm\yolo\labeling_tools\blueberry_jpg\20260521_052015201_iOS.jpg
blueberry,train,블루베리 모음집/20260521_052015754_iOS.heic,C:\Users\dhtmd\OneDrive\바탕 화면\robotarm\yolo\labeling_tools\blueberry_jpg\20260521_052015754_iOS.jpg
blueberry,train,블루베리 모음집/20260521_052016367_iOS.heic,C:\Users\dhtmd\OneDrive\바탕 화면\robotarm\yolo\labeling_tools\blueberry_jpg\20260521_052016367_iOS.jpg
blueberry,train,블루베리 모음집/20260521_052016907_iOS.heic,C:\Users\dhtmd\OneDrive\바탕 화면\robotarm\yolo\labeling_tools\blueberry_jpg\20260521_052016907_iOS.jpg
blueberry,test,블루베리 모음집/20260521_052017433_iOS.heic,C:\Users\dhtmd\OneDrive\바탕 화면\robotarm\yolo\labeling_tools\blueberry_test_images\20260521_052017433_iOS.jpg
blueberry,train,블루베리 모음집/20260521_052018040_iOS.heic,C:\Users\dhtmd\OneDrive\바탕 화면\robotarm\yolo\labeling_tools\blueberry_jpg\20260521_052018040_iOS.jpg
blueberry,train,블루베리 모음집/20260521_052018635_iOS.heic,C:\Users\dhtmd\OneDrive\바탕 화면\robotarm\yolo\labeling_tools\blueberry_jpg\20260521_052018635_iOS.jpg
blueberry,train,블루베리 모음집/20260521_052617535_iOS.heic,C:\Users\dhtmd\OneDrive\바탕 화면\robotarm\yolo\labeling_tools\blueberry_jpg\20260521_052617535_iOS.jpg
blueberry,train,블루베리 모음집/20260521_052618322_iOS.heic,C:\Users\dhtmd\OneDrive\바탕 화면\robotarm\yolo\labeling_tools\blueberry_jpg\20260521_052618322_iOS.jpg
blueberry,train,블루베리 모음집/20260521_052622161_iOS.heic,C:\Users\dhtmd\OneDrive\바탕 화면\robotarm\yolo\labeling_tools\blueberry_jpg\20260521_052622161_iOS.jpg
blueberry,test,블루베리 모음집/20260521_052622927_iOS.heic,C:\Users\dhtmd\OneDrive\바탕 화면\robotarm\yolo\labeling_tools\blueberry_test_images\20260521_052622927_iOS.jpg
blueberry,train,블루베리 모음집/20260521_052623632_iOS.heic,C:\Users\dhtmd\OneDrive\바탕 화면\robotarm\yolo\labeling_tools\blueberry_jpg\20260521_052623632_iOS.jpg
blueberry,train,블루베리 모음집/20260521_052624388_iOS.heic,C:\Users\dhtmd\OneDrive\바탕 화면\robotarm\yolo\labeling_tools\blueberry_jpg\20260521_052624388_iOS.jpg
blueberry,train,블루베리 모음집/20260521_052626281_iOS.heic,C:\Users\dhtmd\OneDrive\바탕 화면\robotarm\yolo\labeling_tools\blueberry_jpg\20260521_052626281_iOS.jpg
blueberry,train,블루베리 모음집/20260521_052627006_iOS.heic,C:\Users\dhtmd\OneDrive\바탕 화면\robotarm\yolo\labeling_tools\blueberry_jpg\20260521_052627006_iOS.jpg
blueberry,train,블루베리 모음집/20260521_052627607_iOS.heic,C:\Users\dhtmd\OneDrive\바탕 화면\robotarm\yolo\labeling_tools\blueberry_jpg\20260521_052627607_iOS.jpg
blueberry,test,블루베리 모음집/20260521_052630843_iOS.heic,C:\Users\dhtmd\OneDrive\바탕 화면\robotarm\yolo\labeling_tools\blueberry_test_images\20260521_052630843_iOS.jpg
blueberry,train,블루베리 모음집/20260521_052631523_iOS.heic,C:\Users\dhtmd\OneDrive\바탕 화면\robotarm\yolo\labeling_tools\blueberry_jpg\20260521_052631523_iOS.jpg
blueberry,train,블루베리 모음집/20260521_052632152_iOS.heic,C:\Users\dhtmd\OneDrive\바탕 화면\robotarm\yolo\labeling_tools\blueberry_jpg\20260521_052632152_iOS.jpg
blueberry,train,블루베리 모음집/20260521_052632777_iOS.heic,C:\Users\dhtmd\OneDrive\바탕 화면\robotarm\yolo\labeling_tools\blueberry_jpg\20260521_052632777_iOS.jpg
blueberry,train,블루베리 모음집/20260521_052633495_iOS.heic,C:\Users\dhtmd\OneDrive\바탕 화면\robotarm\yolo\labeling_tools\blueberry_jpg\20260521_052633495_iOS.jpg
blueberry,train,블루베리 모음집/20260521_052634100_iOS.heic,C:\Users\dhtmd\OneDrive\바탕 화면\robotarm\yolo\labeling_tools\blueberry_jpg\20260521_052634100_iOS.jpg
blueberry,test,블루베리 모음집/20260521_052634710_iOS.heic,C:\Users\dhtmd\OneDrive\바탕 화면\robotarm\yolo\labeling_tools\blueberry_test_images\20260521_052634710_iOS.jpg
blueberry,train,블루베리 모음집/20260521_052636426_iOS.heic,C:\Users\dhtmd\OneDrive\바탕 화면\robotarm\yolo\labeling_tools\blueberry_jpg\20260521_052636426_iOS.jpg
blueberry,train,블루베리 모음집/20260521_052636981_iOS.heic,C:\Users\dhtmd\OneDrive\바탕 화면\robotarm\yolo\labeling_tools\blueberry_jpg\20260521_052636981_iOS.jpg
blueberry,train,블루베리 모음집/20260521_052637662_iOS.heic,C:\Users\dhtmd\OneDrive\바탕 화면\robotarm\yolo\labeling_tools\blueberry_jpg\20260521_052637662_iOS.jpg
blueberry,train,블루베리 모음집/20260521_052640575_iOS.heic,C:\Users\dhtmd\OneDrive\바탕 화면\robotarm\yolo\labeling_tools\blueberry_jpg\20260521_052640575_iOS.jpg
blueberry,train,블루베리 모음집/20260521_052641273_iOS.heic,C:\Users\dhtmd\OneDrive\바탕 화면\robotarm\yolo\labeling_tools\blueberry_jpg\20260521_052641273_iOS.jpg
blueberry,test,블루베리 모음집/20260521_052641787_iOS.heic,C:\Users\dhtmd\OneDrive\바탕 화면\robotarm\yolo\labeling_tools\blueberry_test_images\20260521_052641787_iOS.jpg
blueberry,train,블루베리 모음집/20260521_052642363_iOS.heic,C:\Users\dhtmd\OneDrive\바탕 화면\robotarm\yolo\labeling_tools\blueberry_jpg\20260521_052642363_iOS.jpg
blueberry,train,블루베리 모음집/20260521_052642898_iOS.heic,C:\Users\dhtmd\OneDrive\바탕 화면\robotarm\yolo\labeling_tools\blueberry_jpg\20260521_052642898_iOS.jpg
blueberry,train,블루베리 모음집/20260521_052643419_iOS.heic,C:\Users\dhtmd\OneDrive\바탕 화면\robotarm\yolo\labeling_tools\blueberry_jpg\20260521_052643419_iOS.jpg
blueberry,train,블루베리 모음집/20260521_052644077_iOS.heic,C:\Users\dhtmd\OneDrive\바탕 화면\robotarm\yolo\labeling_tools\blueberry_jpg\20260521_052644077_iOS.jpg
blueberry,train,블루베리 모음집/20260521_052644645_iOS.heic,C:\Users\dhtmd\OneDrive\바탕 화면\robotarm\yolo\labeling_tools\blueberry_jpg\20260521_052644645_iOS.jpg
blueberry,test,블루베리 모음집/20260521_052645128_iOS.heic,C:\Users\dhtmd\OneDrive\바탕 화면\robotarm\yolo\labeling_tools\blueberry_test_images\20260521_052645128_iOS.jpg
blueberry,train,블루베리 모음집/20260521_052645899_iOS.heic,C:\Users\dhtmd\OneDrive\바탕 화면\robotarm\yolo\labeling_tools\blueberry_jpg\20260521_052645899_iOS.jpg
blueberry,train,블루베리 모음집/20260521_052646304_iOS.heic,C:\Users\dhtmd\OneDrive\바탕 화면\robotarm\yolo\labeling_tools\blueberry_jpg\20260521_052646304_iOS.jpg
blueberry,train,블루베리 모음집/20260521_052649128_iOS.heic,C:\Users\dhtmd\OneDrive\바탕 화면\robotarm\yolo\labeling_tools\blueberry_jpg\20260521_052649128_iOS.jpg
blueberry,train,블루베리 모음집/20260521_052649717_iOS.heic,C:\Users\dhtmd\OneDrive\바탕 화면\robotarm\yolo\labeling_tools\blueberry_jpg\20260521_052649717_iOS.jpg
blueberry,train,블루베리 모음집/20260521_052650282_iOS.heic,C:\Users\dhtmd\OneDrive\바탕 화면\robotarm\yolo\labeling_tools\blueberry_jpg\20260521_052650282_iOS.jpg
blueberry,test,블루베리 모음집/20260521_052650768_iOS.heic,C:\Users\dhtmd\OneDrive\바탕 화면\robotarm\yolo\labeling_tools\blueberry_test_images\20260521_052650768_iOS.jpg
blueberry,train,블루베리 모음집/20260521_052651254_iOS.heic,C:\Users\dhtmd\OneDrive\바탕 화면\robotarm\yolo\labeling_tools\blueberry_jpg\20260521_052651254_iOS.jpg
blueberry,train,블루베리 모음집/20260521_052651725_iOS.heic,C:\Users\dhtmd\OneDrive\바탕 화면\robotarm\yolo\labeling_tools\blueberry_jpg\20260521_052651725_iOS.jpg
blueberry,train,블루베리 모음집/20260521_052652488_iOS.heic,C:\Users\dhtmd\OneDrive\바탕 화면\robotarm\yolo\labeling_tools\blueberry_jpg\20260521_052652488_iOS.jpg
blueberry,train,블루베리 모음집/20260521_052653216_iOS.heic,C:\Users\dhtmd\OneDrive\바탕 화면\robotarm\yolo\labeling_tools\blueberry_jpg\20260521_052653216_iOS.jpg
blueberry,train,블루베리 모음집/20260521_052657218_iOS.heic,C:\Users\dhtmd\OneDrive\바탕 화면\robotarm\yolo\labeling_tools\blueberry_jpg\20260521_052657218_iOS.jpg
blueberry,test,블루베리 모음집/20260521_052658531_iOS.heic,C:\Users\dhtmd\OneDrive\바탕 화면\robotarm\yolo\labeling_tools\blueberry_test_images\20260521_052658531_iOS.jpg
blueberry,train,블루베리 모음집/20260521_052659093_iOS.heic,C:\Users\dhtmd\OneDrive\바탕 화면\robotarm\yolo\labeling_tools\blueberry_jpg\20260521_052659093_iOS.jpg
blueberry,train,블루베리 모음집/20260521_052659724_iOS.heic,C:\Users\dhtmd\OneDrive\바탕 화면\robotarm\yolo\labeling_tools\blueberry_jpg\20260521_052659724_iOS.jpg
blueberry,train,블루베리 모음집/20260521_052700341_iOS.heic,C:\Users\dhtmd\OneDrive\바탕 화면\robotarm\yolo\labeling_tools\blueberry_jpg\20260521_052700341_iOS.jpg
blueberry,train,블루베리 모음집/20260521_052700840_iOS.heic,C:\Users\dhtmd\OneDrive\바탕 화면\robotarm\yolo\labeling_tools\blueberry_jpg\20260521_052700840_iOS.jpg
blueberry,train,블루베리 모음집/20260521_052702038_iOS.heic,C:\Users\dhtmd\OneDrive\바탕 화면\robotarm\yolo\labeling_tools\blueberry_jpg\20260521_052702038_iOS.jpg
blueberry,train,블루베리 모음집/20260521_052702724_iOS.heic,C:\Users\dhtmd\OneDrive\바탕 화면\robotarm\yolo\labeling_tools\blueberry_jpg\20260521_052702724_iOS.jpg
blueberry,test,블루베리 모음집/20260521_052703279_iOS.heic,C:\Users\dhtmd\OneDrive\바탕 화면\robotarm\yolo\labeling_tools\blueberry_test_images\20260521_052703279_iOS.jpg
blueberry,train,블루베리 모음집/20260521_052703801_iOS.heic,C:\Users\dhtmd\OneDrive\바탕 화면\robotarm\yolo\labeling_tools\blueberry_jpg\20260521_052703801_iOS.jpg
blueberry,train,블루베리 모음집/20260521_052704397_iOS.heic,C:\Users\dhtmd\OneDrive\바탕 화면\robotarm\yolo\labeling_tools\blueberry_jpg\20260521_052704397_iOS.jpg
blueberry,train,블루베리 모음집/20260521_052705291_iOS.heic,C:\Users\dhtmd\OneDrive\바탕 화면\robotarm\yolo\labeling_tools\blueberry_jpg\20260521_052705291_iOS.jpg
blueberry,train,블루베리 모음집/20260521_052705694_iOS.heic,C:\Users\dhtmd\OneDrive\바탕 화면\robotarm\yolo\labeling_tools\blueberry_jpg\20260521_052705694_iOS.jpg
blueberry,train,블루베리 모음집/20260521_052706212_iOS.heic,C:\Users\dhtmd\OneDrive\바탕 화면\robotarm\yolo\labeling_tools\blueberry_jpg\20260521_052706212_iOS.jpg
blueberry,test,블루베리 모음집/20260521_052706655_iOS.heic,C:\Users\dhtmd\OneDrive\바탕 화면\robotarm\yolo\labeling_tools\blueberry_test_images\20260521_052706655_iOS.jpg
blueberry,train,블루베리 모음집/20260521_052707154_iOS.heic,C:\Users\dhtmd\OneDrive\바탕 화면\robotarm\yolo\labeling_tools\blueberry_jpg\20260521_052707154_iOS.jpg
blueberry,train,블루베리 모음집/20260521_052707608_iOS.heic,C:\Users\dhtmd\OneDrive\바탕 화면\robotarm\yolo\labeling_tools\blueberry_jpg\20260521_052707608_iOS.jpg
blueberry,train,블루베리 모음집/20260521_052708157_iOS.heic,C:\Users\dhtmd\OneDrive\바탕 화면\robotarm\yolo\labeling_tools\blueberry_jpg\20260521_052708157_iOS.jpg
blueberry,train,블루베리 모음집/20260521_052708418_iOS.heic,C:\Users\dhtmd\OneDrive\바탕 화면\robotarm\yolo\labeling_tools\blueberry_jpg\20260521_052708418_iOS.jpg
blueberry,train,블루베리 모음집/20260521_052708954_iOS.heic,C:\Users\dhtmd\OneDrive\바탕 화면\robotarm\yolo\labeling_tools\blueberry_jpg\20260521_052708954_iOS.jpg
blueberry,test,블루베리 모음집/20260521_052711971_iOS.heic,C:\Users\dhtmd\OneDrive\바탕 화면\robotarm\yolo\labeling_tools\blueberry_test_images\20260521_052711971_iOS.jpg
blueberry,train,블루베리 모음집/20260521_052712662_iOS.heic,C:\Users\dhtmd\OneDrive\바탕 화면\robotarm\yolo\labeling_tools\blueberry_jpg\20260521_052712662_iOS.jpg
blueberry,train,블루베리 모음집/20260521_052713148_iOS.heic,C:\Users\dhtmd\OneDrive\바탕 화면\robotarm\yolo\labeling_tools\blueberry_jpg\20260521_052713148_iOS.jpg
blueberry,train,블루베리 모음집/20260521_052713629_iOS.heic,C:\Users\dhtmd\OneDrive\바탕 화면\robotarm\yolo\labeling_tools\blueberry_jpg\20260521_052713629_iOS.jpg
blueberry,train,블루베리 모음집/20260521_052714123_iOS.heic,C:\Users\dhtmd\OneDrive\바탕 화면\robotarm\yolo\labeling_tools\blueberry_jpg\20260521_052714123_iOS.jpg
blueberry,train,블루베리 모음집/20260521_052714553_iOS.heic,C:\Users\dhtmd\OneDrive\바탕 화면\robotarm\yolo\labeling_tools\blueberry_jpg\20260521_052714553_iOS.jpg
blueberry,test,블루베리 모음집/20260521_052714996_iOS.heic,C:\Users\dhtmd\OneDrive\바탕 화면\robotarm\yolo\labeling_tools\blueberry_test_images\20260521_052714996_iOS.jpg
blueberry,train,블루베리 모음집/20260521_052715997_iOS.heic,C:\Users\dhtmd\OneDrive\바탕 화면\robotarm\yolo\labeling_tools\blueberry_jpg\20260521_052715997_iOS.jpg
blueberry,train,블루베리 모음집/20260521_052716468_iOS.heic,C:\Users\dhtmd\OneDrive\바탕 화면\robotarm\yolo\labeling_tools\blueberry_jpg\20260521_052716468_iOS.jpg
blueberry,train,블루베리 모음집/20260521_052717079_iOS.heic,C:\Users\dhtmd\OneDrive\바탕 화면\robotarm\yolo\labeling_tools\blueberry_jpg\20260521_052717079_iOS.jpg
blueberry,train,블루베리 모음집/20260521_052717882_iOS.heic,C:\Users\dhtmd\OneDrive\바탕 화면\robotarm\yolo\labeling_tools\blueberry_jpg\20260521_052717882_iOS.jpg
blueberry,train,블루베리 모음집/20260521_052719335_iOS.heic,C:\Users\dhtmd\OneDrive\바탕 화면\robotarm\yolo\labeling_tools\blueberry_jpg\20260521_052719335_iOS.jpg
blueberry,test,블루베리 모음집/20260521_052721527_iOS.heic,C:\Users\dhtmd\OneDrive\바탕 화면\robotarm\yolo\labeling_tools\blueberry_test_images\20260521_052721527_iOS.jpg
blueberry,train,블루베리 모음집/20260521_052725104_iOS.heic,C:\Users\dhtmd\OneDrive\바탕 화면\robotarm\yolo\labeling_tools\blueberry_jpg\20260521_052725104_iOS.jpg
blueberry,train,블루베리 모음집/20260521_052727069_iOS.heic,C:\Users\dhtmd\OneDrive\바탕 화면\robotarm\yolo\labeling_tools\blueberry_jpg\20260521_052727069_iOS.jpg
blueberry,train,블루베리 모음집/20260521_052730549_iOS.heic,C:\Users\dhtmd\OneDrive\바탕 화면\robotarm\yolo\labeling_tools\blueberry_jpg\20260521_052730549_iOS.jpg
blueberry,train,블루베리 모음집/20260521_052730930_iOS.heic,C:\Users\dhtmd\OneDrive\바탕 화면\robotarm\yolo\labeling_tools\blueberry_jpg\20260521_052730930_iOS.jpg
blueberry,train,블루베리 모음집/20260521_052731669_iOS.heic,C:\Users\dhtmd\OneDrive\바탕 화면\robotarm\yolo\labeling_tools\blueberry_jpg\20260521_052731669_iOS.jpg
blueberry,test,블루베리 모음집/20260521_052806873_iOS.heic,C:\Users\dhtmd\OneDrive\바탕 화면\robotarm\yolo\labeling_tools\blueberry_test_images\20260521_052806873_iOS.jpg
blueberry,train,블루베리 모음집/20260521_052807449_iOS.heic,C:\Users\dhtmd\OneDrive\바탕 화면\robotarm\yolo\labeling_tools\blueberry_jpg\20260521_052807449_iOS.jpg
blueberry,train,블루베리 모음집/20260521_052808088_iOS.heic,C:\Users\dhtmd\OneDrive\바탕 화면\robotarm\yolo\labeling_tools\blueberry_jpg\20260521_052808088_iOS.jpg
blueberry,train,블루베리 모음집/20260521_052808709_iOS.heic,C:\Users\dhtmd\OneDrive\바탕 화면\robotarm\yolo\labeling_tools\blueberry_jpg\20260521_052808709_iOS.jpg
blueberry,train,블루베리 모음집/20260521_052809331_iOS.heic,C:\Users\dhtmd\OneDrive\바탕 화면\robotarm\yolo\labeling_tools\blueberry_jpg\20260521_052809331_iOS.jpg
blueberry,train,블루베리 모음집/20260521_052809817_iOS.heic,C:\Users\dhtmd\OneDrive\바탕 화면\robotarm\yolo\labeling_tools\blueberry_jpg\20260521_052809817_iOS.jpg
blueberry,test,블루베리 모음집/20260521_052810364_iOS.heic,C:\Users\dhtmd\OneDrive\바탕 화면\robotarm\yolo\labeling_tools\blueberry_test_images\20260521_052810364_iOS.jpg
blueberry,train,블루베리 모음집/20260521_052811021_iOS.heic,C:\Users\dhtmd\OneDrive\바탕 화면\robotarm\yolo\labeling_tools\blueberry_jpg\20260521_052811021_iOS.jpg
blueberry,train,블루베리 모음집/20260521_052811717_iOS.heic,C:\Users\dhtmd\OneDrive\바탕 화면\robotarm\yolo\labeling_tools\blueberry_jpg\20260521_052811717_iOS.jpg
blueberry,train,블루베리 모음집/20260521_052812188_iOS.heic,C:\Users\dhtmd\OneDrive\바탕 화면\robotarm\yolo\labeling_tools\blueberry_jpg\20260521_052812188_iOS.jpg
blueberry,train,블루베리 모음집/20260521_052812675_iOS.heic,C:\Users\dhtmd\OneDrive\바탕 화면\robotarm\yolo\labeling_tools\blueberry_jpg\20260521_052812675_iOS.jpg
blueberry,train,블루베리 모음집/20260521_052813211_iOS.heic,C:\Users\dhtmd\OneDrive\바탕 화면\robotarm\yolo\labeling_tools\blueberry_jpg\20260521_052813211_iOS.jpg
blueberry,test,블루베리 모음집/20260521_052813764_iOS.heic,C:\Users\dhtmd\OneDrive\바탕 화면\robotarm\yolo\labeling_tools\blueberry_test_images\20260521_052813764_iOS.jpg
blueberry,train,블루베리 모음집/20260521_052814902_iOS.heic,C:\Users\dhtmd\OneDrive\바탕 화면\robotarm\yolo\labeling_tools\blueberry_jpg\20260521_052814902_iOS.jpg
blueberry,train,블루베리 모음집/20260521_052815567_iOS.heic,C:\Users\dhtmd\OneDrive\바탕 화면\robotarm\yolo\labeling_tools\blueberry_jpg\20260521_052815567_iOS.jpg
blueberry,train,블루베리 모음집/20260521_052816087_iOS.heic,C:\Users\dhtmd\OneDrive\바탕 화면\robotarm\yolo\labeling_tools\blueberry_jpg\20260521_052816087_iOS.jpg
blueberry,train,블루베리 모음집/20260521_052816508_iOS.heic,C:\Users\dhtmd\OneDrive\바탕 화면\robotarm\yolo\labeling_tools\blueberry_jpg\20260521_052816508_iOS.jpg
blueberry,train,블루베리 모음집/20260521_052817313_iOS.heic,C:\Users\dhtmd\OneDrive\바탕 화면\robotarm\yolo\labeling_tools\blueberry_jpg\20260521_052817313_iOS.jpg
blueberry,test,블루베리 모음집/20260521_052817738_iOS.heic,C:\Users\dhtmd\OneDrive\바탕 화면\robotarm\yolo\labeling_tools\blueberry_test_images\20260521_052817738_iOS.jpg
strawberry,test,딸기 모음집/20260521_020040242_iOS.heic,C:\Users\dhtmd\OneDrive\바탕 화면\robotarm\yolo\labeling_tools\strawberry_test_images\20260521_020040242_iOS.jpg
strawberry,train,딸기 모음집/20260521_020041032_iOS.heic,C:\Users\dhtmd\OneDrive\바탕 화면\robotarm\yolo\labeling_tools\strawberries_jpg\20260521_020041032_iOS.jpg
strawberry,train,딸기 모음집/20260521_020041755_iOS.heic,C:\Users\dhtmd\OneDrive\바탕 화면\robotarm\yolo\labeling_tools\strawberries_jpg\20260521_020041755_iOS.jpg
strawberry,train,딸기 모음집/20260521_020042602_iOS.heic,C:\Users\dhtmd\OneDrive\바탕 화면\robotarm\yolo\labeling_tools\strawberries_jpg\20260521_020042602_iOS.jpg
strawberry,train,딸기 모음집/20260521_020043235_iOS.heic,C:\Users\dhtmd\OneDrive\바탕 화면\robotarm\yolo\labeling_tools\strawberries_jpg\20260521_020043235_iOS.jpg
strawberry,train,딸기 모음집/20260521_020043944_iOS.heic,C:\Users\dhtmd\OneDrive\바탕 화면\robotarm\yolo\labeling_tools\strawberries_jpg\20260521_020043944_iOS.jpg
strawberry,test,딸기 모음집/20260521_020044475_iOS.heic,C:\Users\dhtmd\OneDrive\바탕 화면\robotarm\yolo\labeling_tools\strawberry_test_images\20260521_020044475_iOS.jpg
strawberry,train,딸기 모음집/20260521_020045065_iOS.heic,C:\Users\dhtmd\OneDrive\바탕 화면\robotarm\yolo\labeling_tools\strawberries_jpg\20260521_020045065_iOS.jpg
strawberry,train,딸기 모음집/20260521_020045639_iOS.heic,C:\Users\dhtmd\OneDrive\바탕 화면\robotarm\yolo\labeling_tools\strawberries_jpg\20260521_020045639_iOS.jpg
strawberry,train,딸기 모음집/20260521_020046212_iOS.heic,C:\Users\dhtmd\OneDrive\바탕 화면\robotarm\yolo\labeling_tools\strawberries_jpg\20260521_020046212_iOS.jpg
strawberry,train,딸기 모음집/20260521_020046642_iOS.heic,C:\Users\dhtmd\OneDrive\바탕 화면\robotarm\yolo\labeling_tools\strawberries_jpg\20260521_020046642_iOS.jpg
strawberry,train,딸기 모음집/20260521_020047673_iOS.heic,C:\Users\dhtmd\OneDrive\바탕 화면\robotarm\yolo\labeling_tools\strawberries_jpg\20260521_020047673_iOS.jpg
strawberry,test,딸기 모음집/20260521_020048134_iOS.heic,C:\Users\dhtmd\OneDrive\바탕 화면\robotarm\yolo\labeling_tools\strawberry_test_images\20260521_020048134_iOS.jpg
strawberry,train,딸기 모음집/20260521_020048618_iOS.heic,C:\Users\dhtmd\OneDrive\바탕 화면\robotarm\yolo\labeling_tools\strawberries_jpg\20260521_020048618_iOS.jpg
strawberry,train,딸기 모음집/20260521_020049150_iOS.heic,C:\Users\dhtmd\OneDrive\바탕 화면\robotarm\yolo\labeling_tools\strawberries_jpg\20260521_020049150_iOS.jpg
strawberry,train,딸기 모음집/20260521_020049707_iOS.heic,C:\Users\dhtmd\OneDrive\바탕 화면\robotarm\yolo\labeling_tools\strawberries_jpg\20260521_020049707_iOS.jpg
strawberry,train,딸기 모음집/20260521_020050246_iOS.heic,C:\Users\dhtmd\OneDrive\바탕 화면\robotarm\yolo\labeling_tools\strawberries_jpg\20260521_020050246_iOS.jpg
strawberry,train,딸기 모음집/20260521_020050764_iOS.heic,C:\Users\dhtmd\OneDrive\바탕 화면\robotarm\yolo\labeling_tools\strawberries_jpg\20260521_020050764_iOS.jpg
strawberry,test,딸기 모음집/20260521_020051221_iOS.heic,C:\Users\dhtmd\OneDrive\바탕 화면\robotarm\yolo\labeling_tools\strawberry_test_images\20260521_020051221_iOS.jpg
strawberry,train,딸기 모음집/20260521_020051707_iOS.heic,C:\Users\dhtmd\OneDrive\바탕 화면\robotarm\yolo\labeling_tools\strawberries_jpg\20260521_020051707_iOS.jpg
strawberry,train,딸기 모음집/20260521_020052244_iOS.heic,C:\Users\dhtmd\OneDrive\바탕 화면\robotarm\yolo\labeling_tools\strawberries_jpg\20260521_020052244_iOS.jpg
strawberry,train,딸기 모음집/20260521_020052791_iOS.heic,C:\Users\dhtmd\OneDrive\바탕 화면\robotarm\yolo\labeling_tools\strawberries_jpg\20260521_020052791_iOS.jpg
strawberry,train,딸기 모음집/20260521_020053252_iOS.heic,C:\Users\dhtmd\OneDrive\바탕 화면\robotarm\yolo\labeling_tools\strawberries_jpg\20260521_020053252_iOS.jpg
strawberry,train,딸기 모음집/20260521_020053835_iOS.heic,C:\Users\dhtmd\OneDrive\바탕 화면\robotarm\yolo\labeling_tools\strawberries_jpg\20260521_020053835_iOS.jpg
strawberry,test,딸기 모음집/20260521_020054239_iOS.heic,C:\Users\dhtmd\OneDrive\바탕 화면\robotarm\yolo\labeling_tools\strawberry_test_images\20260521_020054239_iOS.jpg
strawberry,train,딸기 모음집/20260521_020054768_iOS.heic,C:\Users\dhtmd\OneDrive\바탕 화면\robotarm\yolo\labeling_tools\strawberries_jpg\20260521_020054768_iOS.jpg
strawberry,train,딸기 모음집/20260521_020055251_iOS.heic,C:\Users\dhtmd\OneDrive\바탕 화면\robotarm\yolo\labeling_tools\strawberries_jpg\20260521_020055251_iOS.jpg
strawberry,train,딸기 모음집/20260521_020055753_iOS.heic,C:\Users\dhtmd\OneDrive\바탕 화면\robotarm\yolo\labeling_tools\strawberries_jpg\20260521_020055753_iOS.jpg
strawberry,train,딸기 모음집/20260521_020056229_iOS.heic,C:\Users\dhtmd\OneDrive\바탕 화면\robotarm\yolo\labeling_tools\strawberries_jpg\20260521_020056229_iOS.jpg
strawberry,train,딸기 모음집/20260521_020056707_iOS.heic,C:\Users\dhtmd\OneDrive\바탕 화면\robotarm\yolo\labeling_tools\strawberries_jpg\20260521_020056707_iOS.jpg
strawberry,test,딸기 모음집/20260521_020057204_iOS.heic,C:\Users\dhtmd\OneDrive\바탕 화면\robotarm\yolo\labeling_tools\strawberry_test_images\20260521_020057204_iOS.jpg
strawberry,train,딸기 모음집/20260521_020057663_iOS.heic,C:\Users\dhtmd\OneDrive\바탕 화면\robotarm\yolo\labeling_tools\strawberries_jpg\20260521_020057663_iOS.jpg
strawberry,train,딸기 모음집/20260521_020058138_iOS.heic,C:\Users\dhtmd\OneDrive\바탕 화면\robotarm\yolo\labeling_tools\strawberries_jpg\20260521_020058138_iOS.jpg
strawberry,train,딸기 모음집/20260521_020058627_iOS.heic,C:\Users\dhtmd\OneDrive\바탕 화면\robotarm\yolo\labeling_tools\strawberries_jpg\20260521_020058627_iOS.jpg
strawberry,train,딸기 모음집/20260521_020059130_iOS.heic,C:\Users\dhtmd\OneDrive\바탕 화면\robotarm\yolo\labeling_tools\strawberries_jpg\20260521_020059130_iOS.jpg
strawberry,train,딸기 모음집/20260521_020059670_iOS.heic,C:\Users\dhtmd\OneDrive\바탕 화면\robotarm\yolo\labeling_tools\strawberries_jpg\20260521_020059670_iOS.jpg
strawberry,test,딸기 모음집/20260521_020102072_iOS.heic,C:\Users\dhtmd\OneDrive\바탕 화면\robotarm\yolo\labeling_tools\strawberry_test_images\20260521_020102072_iOS.jpg
strawberry,train,딸기 모음집/20260521_020107146_iOS.heic,C:\Users\dhtmd\OneDrive\바탕 화면\robotarm\yolo\labeling_tools\strawberries_jpg\20260521_020107146_iOS.jpg
strawberry,train,딸기 모음집/20260521_020107597_iOS.heic,C:\Users\dhtmd\OneDrive\바탕 화면\robotarm\yolo\labeling_tools\strawberries_jpg\20260521_020107597_iOS.jpg
strawberry,train,딸기 모음집/20260521_020108023_iOS.heic,C:\Users\dhtmd\OneDrive\바탕 화면\robotarm\yolo\labeling_tools\strawberries_jpg\20260521_020108023_iOS.jpg
strawberry,train,딸기 모음집/20260521_020108378_iOS.heic,C:\Users\dhtmd\OneDrive\바탕 화면\robotarm\yolo\labeling_tools\strawberries_jpg\20260521_020108378_iOS.jpg
strawberry,train,딸기 모음집/20260521_020108863_iOS.heic,C:\Users\dhtmd\OneDrive\바탕 화면\robotarm\yolo\labeling_tools\strawberries_jpg\20260521_020108863_iOS.jpg
strawberry,test,딸기 모음집/20260521_020109229_iOS.heic,C:\Users\dhtmd\OneDrive\바탕 화면\robotarm\yolo\labeling_tools\strawberry_test_images\20260521_020109229_iOS.jpg
strawberry,train,딸기 모음집/20260521_020109642_iOS.heic,C:\Users\dhtmd\OneDrive\바탕 화면\robotarm\yolo\labeling_tools\strawberries_jpg\20260521_020109642_iOS.jpg
strawberry,train,딸기 모음집/20260521_020110099_iOS.heic,C:\Users\dhtmd\OneDrive\바탕 화면\robotarm\yolo\labeling_tools\strawberries_jpg\20260521_020110099_iOS.jpg
strawberry,train,딸기 모음집/20260521_020110766_iOS.heic,C:\Users\dhtmd\OneDrive\바탕 화면\robotarm\yolo\labeling_tools\strawberries_jpg\20260521_020110766_iOS.jpg
strawberry,train,딸기 모음집/20260521_020111134_iOS.heic,C:\Users\dhtmd\OneDrive\바탕 화면\robotarm\yolo\labeling_tools\strawberries_jpg\20260521_020111134_iOS.jpg
strawberry,train,딸기 모음집/20260521_020111539_iOS 1.heic,C:\Users\dhtmd\OneDrive\바탕 화면\robotarm\yolo\labeling_tools\strawberries_jpg\20260521_020111539_iOS 1.jpg
strawberry,test,딸기 모음집/20260521_020111539_iOS.heic,C:\Users\dhtmd\OneDrive\바탕 화면\robotarm\yolo\labeling_tools\strawberry_test_images\20260521_020111539_iOS.jpg
strawberry,train,딸기 모음집/20260521_020111948_iOS.heic,C:\Users\dhtmd\OneDrive\바탕 화면\robotarm\yolo\labeling_tools\strawberries_jpg\20260521_020111948_iOS.jpg
strawberry,train,딸기 모음집/20260521_020112469_iOS.heic,C:\Users\dhtmd\OneDrive\바탕 화면\robotarm\yolo\labeling_tools\strawberries_jpg\20260521_020112469_iOS.jpg
strawberry,train,딸기 모음집/20260521_020112840_iOS.heic,C:\Users\dhtmd\OneDrive\바탕 화면\robotarm\yolo\labeling_tools\strawberries_jpg\20260521_020112840_iOS.jpg
strawberry,train,딸기 모음집/20260521_020113331_iOS.heic,C:\Users\dhtmd\OneDrive\바탕 화면\robotarm\yolo\labeling_tools\strawberries_jpg\20260521_020113331_iOS.jpg
strawberry,train,딸기 모음집/20260521_020113715_iOS.heic,C:\Users\dhtmd\OneDrive\바탕 화면\robotarm\yolo\labeling_tools\strawberries_jpg\20260521_020113715_iOS.jpg
strawberry,test,딸기 모음집/20260521_020114098_iOS.heic,C:\Users\dhtmd\OneDrive\바탕 화면\robotarm\yolo\labeling_tools\strawberry_test_images\20260521_020114098_iOS.jpg
strawberry,train,딸기 모음집/20260521_020114495_iOS.heic,C:\Users\dhtmd\OneDrive\바탕 화면\robotarm\yolo\labeling_tools\strawberries_jpg\20260521_020114495_iOS.jpg
strawberry,train,딸기 모음집/20260521_020114964_iOS.heic,C:\Users\dhtmd\OneDrive\바탕 화면\robotarm\yolo\labeling_tools\strawberries_jpg\20260521_020114964_iOS.jpg
strawberry,train,딸기 모음집/20260521_020115358_iOS.heic,C:\Users\dhtmd\OneDrive\바탕 화면\robotarm\yolo\labeling_tools\strawberries_jpg\20260521_020115358_iOS.jpg
strawberry,train,딸기 모음집/20260521_020118370_iOS.heic,C:\Users\dhtmd\OneDrive\바탕 화면\robotarm\yolo\labeling_tools\strawberries_jpg\20260521_020118370_iOS.jpg
strawberry,train,딸기 모음집/20260521_020119745_iOS.heic,C:\Users\dhtmd\OneDrive\바탕 화면\robotarm\yolo\labeling_tools\strawberries_jpg\20260521_020119745_iOS.jpg
strawberry,test,딸기 모음집/20260521_020152417_iOS.heic,C:\Users\dhtmd\OneDrive\바탕 화면\robotarm\yolo\labeling_tools\strawberry_test_images\20260521_020152417_iOS.jpg
strawberry,train,딸기 모음집/20260521_020153452_iOS.heic,C:\Users\dhtmd\OneDrive\바탕 화면\robotarm\yolo\labeling_tools\strawberries_jpg\20260521_020153452_iOS.jpg
strawberry,train,딸기 모음집/20260521_020154895_iOS.heic,C:\Users\dhtmd\OneDrive\바탕 화면\robotarm\yolo\labeling_tools\strawberries_jpg\20260521_020154895_iOS.jpg
strawberry,train,딸기 모음집/20260521_020156404_iOS.heic,C:\Users\dhtmd\OneDrive\바탕 화면\robotarm\yolo\labeling_tools\strawberries_jpg\20260521_020156404_iOS.jpg
strawberry,train,딸기 모음집/20260521_020200595_iOS.heic,C:\Users\dhtmd\OneDrive\바탕 화면\robotarm\yolo\labeling_tools\strawberries_jpg\20260521_020200595_iOS.jpg
strawberry,train,딸기 모음집/20260521_020202017_iOS.heic,C:\Users\dhtmd\OneDrive\바탕 화면\robotarm\yolo\labeling_tools\strawberries_jpg\20260521_020202017_iOS.jpg
strawberry,test,딸기 모음집/20260521_020202962_iOS.heic,C:\Users\dhtmd\OneDrive\바탕 화면\robotarm\yolo\labeling_tools\strawberry_test_images\20260521_020202962_iOS.jpg
strawberry,train,딸기 모음집/20260521_020203714_iOS.heic,C:\Users\dhtmd\OneDrive\바탕 화면\robotarm\yolo\labeling_tools\strawberries_jpg\20260521_020203714_iOS.jpg
strawberry,train,딸기 모음집/20260521_020204417_iOS.heic,C:\Users\dhtmd\OneDrive\바탕 화면\robotarm\yolo\labeling_tools\strawberries_jpg\20260521_020204417_iOS.jpg
strawberry,train,딸기 모음집/20260521_020205099_iOS.heic,C:\Users\dhtmd\OneDrive\바탕 화면\robotarm\yolo\labeling_tools\strawberries_jpg\20260521_020205099_iOS.jpg
strawberry,train,딸기 모음집/20260521_020205813_iOS.heic,C:\Users\dhtmd\OneDrive\바탕 화면\robotarm\yolo\labeling_tools\strawberries_jpg\20260521_020205813_iOS.jpg
strawberry,train,딸기 모음집/20260521_020218462_iOS.heic,C:\Users\dhtmd\OneDrive\바탕 화면\robotarm\yolo\labeling_tools\strawberries_jpg\20260521_020218462_iOS.jpg
strawberry,test,딸기 모음집/20260521_020219034_iOS.heic,C:\Users\dhtmd\OneDrive\바탕 화면\robotarm\yolo\labeling_tools\strawberry_test_images\20260521_020219034_iOS.jpg
strawberry,train,딸기 모음집/20260521_020219667_iOS.heic,C:\Users\dhtmd\OneDrive\바탕 화면\robotarm\yolo\labeling_tools\strawberries_jpg\20260521_020219667_iOS.jpg
strawberry,train,딸기 모음집/20260521_020220113_iOS.heic,C:\Users\dhtmd\OneDrive\바탕 화면\robotarm\yolo\labeling_tools\strawberries_jpg\20260521_020220113_iOS.jpg
strawberry,train,딸기 모음집/20260521_020220654_iOS.heic,C:\Users\dhtmd\OneDrive\바탕 화면\robotarm\yolo\labeling_tools\strawberries_jpg\20260521_020220654_iOS.jpg
strawberry,train,딸기 모음집/20260521_020221199_iOS.heic,C:\Users\dhtmd\OneDrive\바탕 화면\robotarm\yolo\labeling_tools\strawberries_jpg\20260521_020221199_iOS.jpg
strawberry,train,딸기 모음집/20260521_020221741_iOS.heic,C:\Users\dhtmd\OneDrive\바탕 화면\robotarm\yolo\labeling_tools\strawberries_jpg\20260521_020221741_iOS.jpg
strawberry,train,딸기 모음집/20260521_020222313_iOS.heic,C:\Users\dhtmd\OneDrive\바탕 화면\robotarm\yolo\labeling_tools\strawberries_jpg\20260521_020222313_iOS.jpg
strawberry,test,딸기 모음집/20260521_020223119_iOS.heic,C:\Users\dhtmd\OneDrive\바탕 화면\robotarm\yolo\labeling_tools\strawberry_test_images\20260521_020223119_iOS.jpg
strawberry,train,딸기 모음집/20260521_020223525_iOS.heic,C:\Users\dhtmd\OneDrive\바탕 화면\robotarm\yolo\labeling_tools\strawberries_jpg\20260521_020223525_iOS.jpg
strawberry,train,딸기 모음집/20260521_020224604_iOS.heic,C:\Users\dhtmd\OneDrive\바탕 화면\robotarm\yolo\labeling_tools\strawberries_jpg\20260521_020224604_iOS.jpg
strawberry,train,딸기 모음집/20260521_020225015_iOS.heic,C:\Users\dhtmd\OneDrive\바탕 화면\robotarm\yolo\labeling_tools\strawberries_jpg\20260521_020225015_iOS.jpg
strawberry,train,딸기 모음집/20260521_020225457_iOS.heic,C:\Users\dhtmd\OneDrive\바탕 화면\robotarm\yolo\labeling_tools\strawberries_jpg\20260521_020225457_iOS.jpg
strawberry,train,딸기 모음집/20260521_020225905_iOS.heic,C:\Users\dhtmd\OneDrive\바탕 화면\robotarm\yolo\labeling_tools\strawberries_jpg\20260521_020225905_iOS.jpg
strawberry,test,딸기 모음집/20260521_020226372_iOS.heic,C:\Users\dhtmd\OneDrive\바탕 화면\robotarm\yolo\labeling_tools\strawberry_test_images\20260521_020226372_iOS.jpg
strawberry,train,딸기 모음집/20260521_020228093_iOS.heic,C:\Users\dhtmd\OneDrive\바탕 화면\robotarm\yolo\labeling_tools\strawberries_jpg\20260521_020228093_iOS.jpg
strawberry,train,딸기 모음집/20260521_020228648_iOS.heic,C:\Users\dhtmd\OneDrive\바탕 화면\robotarm\yolo\labeling_tools\strawberries_jpg\20260521_020228648_iOS.jpg
strawberry,train,딸기 모음집/20260521_020229160_iOS.heic,C:\Users\dhtmd\OneDrive\바탕 화면\robotarm\yolo\labeling_tools\strawberries_jpg\20260521_020229160_iOS.jpg
strawberry,train,딸기 모음집/20260521_020229714_iOS.heic,C:\Users\dhtmd\OneDrive\바탕 화면\robotarm\yolo\labeling_tools\strawberries_jpg\20260521_020229714_iOS.jpg
strawberry,train,딸기 모음집/20260521_020230193_iOS.heic,C:\Users\dhtmd\OneDrive\바탕 화면\robotarm\yolo\labeling_tools\strawberries_jpg\20260521_020230193_iOS.jpg
strawberry,test,딸기 모음집/20260521_020230582_iOS.heic,C:\Users\dhtmd\OneDrive\바탕 화면\robotarm\yolo\labeling_tools\strawberry_test_images\20260521_020230582_iOS.jpg
strawberry,train,딸기 모음집/20260521_020231315_iOS.heic,C:\Users\dhtmd\OneDrive\바탕 화면\robotarm\yolo\labeling_tools\strawberries_jpg\20260521_020231315_iOS.jpg
strawberry,train,딸기 모음집/20260521_020231788_iOS.heic,C:\Users\dhtmd\OneDrive\바탕 화면\robotarm\yolo\labeling_tools\strawberries_jpg\20260521_020231788_iOS.jpg
strawberry,train,딸기 모음집/20260521_020232328_iOS.heic,C:\Users\dhtmd\OneDrive\바탕 화면\robotarm\yolo\labeling_tools\strawberries_jpg\20260521_020232328_iOS.jpg
strawberry,train,딸기 모음집/20260521_020232820_iOS.heic,C:\Users\dhtmd\OneDrive\바탕 화면\robotarm\yolo\labeling_tools\strawberries_jpg\20260521_020232820_iOS.jpg
strawberry,train,딸기 모음집/20260521_020233346_iOS.heic,C:\Users\dhtmd\OneDrive\바탕 화면\robotarm\yolo\labeling_tools\strawberries_jpg\20260521_020233346_iOS.jpg
strawberry,test,딸기 모음집/20260521_020233873_iOS.heic,C:\Users\dhtmd\OneDrive\바탕 화면\robotarm\yolo\labeling_tools\strawberry_test_images\20260521_020233873_iOS.jpg
strawberry,train,딸기 모음집/20260521_021246595_iOS.heic,C:\Users\dhtmd\OneDrive\바탕 화면\robotarm\yolo\labeling_tools\strawberries_jpg\20260521_021246595_iOS.jpg
strawberry,train,딸기 모음집/20260521_021247090_iOS.heic,C:\Users\dhtmd\OneDrive\바탕 화면\robotarm\yolo\labeling_tools\strawberries_jpg\20260521_021247090_iOS.jpg
strawberry,train,딸기 모음집/20260521_021247773_iOS.heic,C:\Users\dhtmd\OneDrive\바탕 화면\robotarm\yolo\labeling_tools\strawberries_jpg\20260521_021247773_iOS.jpg
strawberry,train,딸기 모음집/20260521_021248312_iOS.heic,C:\Users\dhtmd\OneDrive\바탕 화면\robotarm\yolo\labeling_tools\strawberries_jpg\20260521_021248312_iOS.jpg
strawberry,train,딸기 모음집/20260521_021249038_iOS.heic,C:\Users\dhtmd\OneDrive\바탕 화면\robotarm\yolo\labeling_tools\strawberries_jpg\20260521_021249038_iOS.jpg
strawberry,test,딸기 모음집/20260521_021249829_iOS.heic,C:\Users\dhtmd\OneDrive\바탕 화면\robotarm\yolo\labeling_tools\strawberry_test_images\20260521_021249829_iOS.jpg
strawberry,train,딸기 모음집/20260521_021250324_iOS.heic,C:\Users\dhtmd\OneDrive\바탕 화면\robotarm\yolo\labeling_tools\strawberries_jpg\20260521_021250324_iOS.jpg
strawberry,train,딸기 모음집/20260521_021316543_iOS.heic,C:\Users\dhtmd\OneDrive\바탕 화면\robotarm\yolo\labeling_tools\strawberries_jpg\20260521_021316543_iOS.jpg
strawberry,train,딸기 모음집/20260521_021317211_iOS.heic,C:\Users\dhtmd\OneDrive\바탕 화면\robotarm\yolo\labeling_tools\strawberries_jpg\20260521_021317211_iOS.jpg
strawberry,train,딸기 모음집/20260521_021318113_iOS.heic,C:\Users\dhtmd\OneDrive\바탕 화면\robotarm\yolo\labeling_tools\strawberries_jpg\20260521_021318113_iOS.jpg
strawberry,train,딸기 모음집/20260521_021318730_iOS.heic,C:\Users\dhtmd\OneDrive\바탕 화면\robotarm\yolo\labeling_tools\strawberries_jpg\20260521_021318730_iOS.jpg
strawberry,test,딸기 모음집/20260521_021319308_iOS.heic,C:\Users\dhtmd\OneDrive\바탕 화면\robotarm\yolo\labeling_tools\strawberry_test_images\20260521_021319308_iOS.jpg
strawberry,train,딸기 모음집/20260521_021319858_iOS.heic,C:\Users\dhtmd\OneDrive\바탕 화면\robotarm\yolo\labeling_tools\strawberries_jpg\20260521_021319858_iOS.jpg
strawberry,train,딸기 모음집/20260521_021320408_iOS.heic,C:\Users\dhtmd\OneDrive\바탕 화면\robotarm\yolo\labeling_tools\strawberries_jpg\20260521_021320408_iOS.jpg
strawberry,train,딸기 모음집/20260521_021321141_iOS.heic,C:\Users\dhtmd\OneDrive\바탕 화면\robotarm\yolo\labeling_tools\strawberries_jpg\20260521_021321141_iOS.jpg
strawberry,train,딸기 모음집/20260521_021321826_iOS.heic,C:\Users\dhtmd\OneDrive\바탕 화면\robotarm\yolo\labeling_tools\strawberries_jpg\20260521_021321826_iOS.jpg
strawberry,train,딸기 모음집/20260521_021322324_iOS.heic,C:\Users\dhtmd\OneDrive\바탕 화면\robotarm\yolo\labeling_tools\strawberries_jpg\20260521_021322324_iOS.jpg
strawberry,test,딸기 모음집/20260521_021322778_iOS.heic,C:\Users\dhtmd\OneDrive\바탕 화면\robotarm\yolo\labeling_tools\strawberry_test_images\20260521_021322778_iOS.jpg
strawberry,train,딸기 모음집/20260521_021323233_iOS.heic,C:\Users\dhtmd\OneDrive\바탕 화면\robotarm\yolo\labeling_tools\strawberries_jpg\20260521_021323233_iOS.jpg
strawberry,train,딸기 모음집/20260521_021323819_iOS.heic,C:\Users\dhtmd\OneDrive\바탕 화면\robotarm\yolo\labeling_tools\strawberries_jpg\20260521_021323819_iOS.jpg
strawberry,train,딸기 모음집/20260521_021324422_iOS.heic,C:\Users\dhtmd\OneDrive\바탕 화면\robotarm\yolo\labeling_tools\strawberries_jpg\20260521_021324422_iOS.jpg
strawberry,train,딸기 모음집/20260521_021325180_iOS.heic,C:\Users\dhtmd\OneDrive\바탕 화면\robotarm\yolo\labeling_tools\strawberries_jpg\20260521_021325180_iOS.jpg
strawberry,train,딸기 모음집/20260521_021327694_iOS.heic,C:\Users\dhtmd\OneDrive\바탕 화면\robotarm\yolo\labeling_tools\strawberries_jpg\20260521_021327694_iOS.jpg
strawberry,test,딸기 모음집/20260521_021332541_iOS.heic,C:\Users\dhtmd\OneDrive\바탕 화면\robotarm\yolo\labeling_tools\strawberry_test_images\20260521_021332541_iOS.jpg
strawberry,train,딸기 모음집/20260521_021335557_iOS.heic,C:\Users\dhtmd\OneDrive\바탕 화면\robotarm\yolo\labeling_tools\strawberries_jpg\20260521_021335557_iOS.jpg
strawberry,train,딸기 모음집/20260521_021336226_iOS.heic,C:\Users\dhtmd\OneDrive\바탕 화면\robotarm\yolo\labeling_tools\strawberries_jpg\20260521_021336226_iOS.jpg
strawberry,train,딸기 모음집/20260521_021336772_iOS.heic,C:\Users\dhtmd\OneDrive\바탕 화면\robotarm\yolo\labeling_tools\strawberries_jpg\20260521_021336772_iOS.jpg
strawberry,train,딸기 모음집/20260521_021337411_iOS.heic,C:\Users\dhtmd\OneDrive\바탕 화면\robotarm\yolo\labeling_tools\strawberries_jpg\20260521_021337411_iOS.jpg
strawberry,train,딸기 모음집/20260521_021338112_iOS.heic,C:\Users\dhtmd\OneDrive\바탕 화면\robotarm\yolo\labeling_tools\strawberries_jpg\20260521_021338112_iOS.jpg
strawberry,test,딸기 모음집/20260521_021338767_iOS.heic,C:\Users\dhtmd\OneDrive\바탕 화면\robotarm\yolo\labeling_tools\strawberry_test_images\20260521_021338767_iOS.jpg
strawberry,train,딸기 모음집/20260521_021339455_iOS.heic,C:\Users\dhtmd\OneDrive\바탕 화면\robotarm\yolo\labeling_tools\strawberries_jpg\20260521_021339455_iOS.jpg
strawberry,train,딸기 모음집/20260521_021341997_iOS.heic,C:\Users\dhtmd\OneDrive\바탕 화면\robotarm\yolo\labeling_tools\strawberries_jpg\20260521_021341997_iOS.jpg
strawberry,train,딸기 모음집/20260521_021342665_iOS.heic,C:\Users\dhtmd\OneDrive\바탕 화면\robotarm\yolo\labeling_tools\strawberries_jpg\20260521_021342665_iOS.jpg
strawberry,train,딸기 모음집/20260521_021343245_iOS.heic,C:\Users\dhtmd\OneDrive\바탕 화면\robotarm\yolo\labeling_tools\strawberries_jpg\20260521_021343245_iOS.jpg
strawberry,train,딸기 모음집/20260521_021343809_iOS.heic,C:\Users\dhtmd\OneDrive\바탕 화면\robotarm\yolo\labeling_tools\strawberries_jpg\20260521_021343809_iOS.jpg
strawberry,test,딸기 모음집/20260521_021344512_iOS.heic,C:\Users\dhtmd\OneDrive\바탕 화면\robotarm\yolo\labeling_tools\strawberry_test_images\20260521_021344512_iOS.jpg
strawberry,train,딸기 모음집/20260521_021345212_iOS.heic,C:\Users\dhtmd\OneDrive\바탕 화면\robotarm\yolo\labeling_tools\strawberries_jpg\20260521_021345212_iOS.jpg
strawberry,train,딸기 모음집/20260521_021347093_iOS.heic,C:\Users\dhtmd\OneDrive\바탕 화면\robotarm\yolo\labeling_tools\strawberries_jpg\20260521_021347093_iOS.jpg
strawberry,train,딸기 모음집/20260521_021347710_iOS.heic,C:\Users\dhtmd\OneDrive\바탕 화면\robotarm\yolo\labeling_tools\strawberries_jpg\20260521_021347710_iOS.jpg
strawberry,train,딸기 모음집/20260521_021348198_iOS.heic,C:\Users\dhtmd\OneDrive\바탕 화면\robotarm\yolo\labeling_tools\strawberries_jpg\20260521_021348198_iOS.jpg
strawberry,train,딸기 모음집/20260521_021348995_iOS.heic,C:\Users\dhtmd\OneDrive\바탕 화면\robotarm\yolo\labeling_tools\strawberries_jpg\20260521_021348995_iOS.jpg
strawberry,test,딸기 모음집/20260521_021349948_iOS.heic,C:\Users\dhtmd\OneDrive\바탕 화면\robotarm\yolo\labeling_tools\strawberry_test_images\20260521_021349948_iOS.jpg
strawberry,train,딸기 모음집/20260521_021351196_iOS.heic,C:\Users\dhtmd\OneDrive\바탕 화면\robotarm\yolo\labeling_tools\strawberries_jpg\20260521_021351196_iOS.jpg
strawberry,train,딸기 모음집/20260521_021351959_iOS.heic,C:\Users\dhtmd\OneDrive\바탕 화면\robotarm\yolo\labeling_tools\strawberries_jpg\20260521_021351959_iOS.jpg
strawberry,train,딸기 모음집/20260521_021355060_iOS.heic,C:\Users\dhtmd\OneDrive\바탕 화면\robotarm\yolo\labeling_tools\strawberries_jpg\20260521_021355060_iOS.jpg
strawberry,train,딸기 모음집/20260521_021356481_iOS.heic,C:\Users\dhtmd\OneDrive\바탕 화면\robotarm\yolo\labeling_tools\strawberries_jpg\20260521_021356481_iOS.jpg
strawberry,train,딸기 모음집/20260521_021357006_iOS.heic,C:\Users\dhtmd\OneDrive\바탕 화면\robotarm\yolo\labeling_tools\strawberries_jpg\20260521_021357006_iOS.jpg
strawberry,test,딸기 모음집/20260521_021357614_iOS.heic,C:\Users\dhtmd\OneDrive\바탕 화면\robotarm\yolo\labeling_tools\strawberry_test_images\20260521_021357614_iOS.jpg
strawberry,train,딸기 모음집/20260521_021358672_iOS.heic,C:\Users\dhtmd\OneDrive\바탕 화면\robotarm\yolo\labeling_tools\strawberries_jpg\20260521_021358672_iOS.jpg
strawberry,train,딸기 모음집/20260521_021359466_iOS.heic,C:\Users\dhtmd\OneDrive\바탕 화면\robotarm\yolo\labeling_tools\strawberries_jpg\20260521_021359466_iOS.jpg
strawberry,train,딸기 모음집/20260521_021359964_iOS.heic,C:\Users\dhtmd\OneDrive\바탕 화면\robotarm\yolo\labeling_tools\strawberries_jpg\20260521_021359964_iOS.jpg
strawberry,train,딸기 모음집/20260521_021400491_iOS.heic,C:\Users\dhtmd\OneDrive\바탕 화면\robotarm\yolo\labeling_tools\strawberries_jpg\20260521_021400491_iOS.jpg
strawberry,train,딸기 모음집/20260521_021400986_iOS.heic,C:\Users\dhtmd\OneDrive\바탕 화면\robotarm\yolo\labeling_tools\strawberries_jpg\20260521_021400986_iOS.jpg
strawberry,test,딸기 모음집/20260521_021401546_iOS.heic,C:\Users\dhtmd\OneDrive\바탕 화면\robotarm\yolo\labeling_tools\strawberry_test_images\20260521_021401546_iOS.jpg
strawberry,train,딸기 모음집/20260521_021402094_iOS.heic,C:\Users\dhtmd\OneDrive\바탕 화면\robotarm\yolo\labeling_tools\strawberries_jpg\20260521_021402094_iOS.jpg
strawberry,train,딸기 모음집/20260521_021402672_iOS.heic,C:\Users\dhtmd\OneDrive\바탕 화면\robotarm\yolo\labeling_tools\strawberries_jpg\20260521_021402672_iOS.jpg
strawberry,train,딸기 모음집/20260521_021403325_iOS.heic,C:\Users\dhtmd\OneDrive\바탕 화면\robotarm\yolo\labeling_tools\strawberries_jpg\20260521_021403325_iOS.jpg
strawberry,train,딸기 모음집/20260521_021404005_iOS.heic,C:\Users\dhtmd\OneDrive\바탕 화면\robotarm\yolo\labeling_tools\strawberries_jpg\20260521_021404005_iOS.jpg
strawberry,train,딸기 모음집/20260521_021405243_iOS.heic,C:\Users\dhtmd\OneDrive\바탕 화면\robotarm\yolo\labeling_tools\strawberries_jpg\20260521_021405243_iOS.jpg
strawberry,test,딸기 모음집/20260521_021407459_iOS.heic,C:\Users\dhtmd\OneDrive\바탕 화면\robotarm\yolo\labeling_tools\strawberry_test_images\20260521_021407459_iOS.jpg
strawberry,train,딸기 모음집/20260521_021409207_iOS.heic,C:\Users\dhtmd\OneDrive\바탕 화면\robotarm\yolo\labeling_tools\strawberries_jpg\20260521_021409207_iOS.jpg
strawberry,train,딸기 모음집/20260521_021409903_iOS.heic,C:\Users\dhtmd\OneDrive\바탕 화면\robotarm\yolo\labeling_tools\strawberries_jpg\20260521_021409903_iOS.jpg
strawberry,train,딸기 모음집/20260521_021410923_iOS.heic,C:\Users\dhtmd\OneDrive\바탕 화면\robotarm\yolo\labeling_tools\strawberries_jpg\20260521_021410923_iOS.jpg
strawberry,train,딸기 모음집/20260521_021411531_iOS.heic,C:\Users\dhtmd\OneDrive\바탕 화면\robotarm\yolo\labeling_tools\strawberries_jpg\20260521_021411531_iOS.jpg
strawberry,train,딸기 모음집/20260521_021412417_iOS.heic,C:\Users\dhtmd\OneDrive\바탕 화면\robotarm\yolo\labeling_tools\strawberries_jpg\20260521_021412417_iOS.jpg
strawberry,test,딸기 모음집/20260521_021413147_iOS.heic,C:\Users\dhtmd\OneDrive\바탕 화면\robotarm\yolo\labeling_tools\strawberry_test_images\20260521_021413147_iOS.jpg
strawberry,train,딸기 모음집/20260521_021414103_iOS.heic,C:\Users\dhtmd\OneDrive\바탕 화면\robotarm\yolo\labeling_tools\strawberries_jpg\20260521_021414103_iOS.jpg
strawberry,train,딸기 모음집/20260521_021414897_iOS.heic,C:\Users\dhtmd\OneDrive\바탕 화면\robotarm\yolo\labeling_tools\strawberries_jpg\20260521_021414897_iOS.jpg
strawberry,train,딸기 모음집/20260521_021415653_iOS.heic,C:\Users\dhtmd\OneDrive\바탕 화면\robotarm\yolo\labeling_tools\strawberries_jpg\20260521_021415653_iOS.jpg
strawberry,train,딸기 모음집/20260521_021416406_iOS.heic,C:\Users\dhtmd\OneDrive\바탕 화면\robotarm\yolo\labeling_tools\strawberries_jpg\20260521_021416406_iOS.jpg
strawberry,train,딸기 모음집/20260521_021417356_iOS.heic,C:\Users\dhtmd\OneDrive\바탕 화면\robotarm\yolo\labeling_tools\strawberries_jpg\20260521_021417356_iOS.jpg
strawberry,test,딸기 모음집/20260521_021418544_iOS.heic,C:\Users\dhtmd\OneDrive\바탕 화면\robotarm\yolo\labeling_tools\strawberry_test_images\20260521_021418544_iOS.jpg
strawberry,train,딸기 모음집/20260521_021419574_iOS.heic,C:\Users\dhtmd\OneDrive\바탕 화면\robotarm\yolo\labeling_tools\strawberries_jpg\20260521_021419574_iOS.jpg
strawberry,train,딸기 모음집/20260521_021420334_iOS.heic,C:\Users\dhtmd\OneDrive\바탕 화면\robotarm\yolo\labeling_tools\strawberries_jpg\20260521_021420334_iOS.jpg
strawberry,train,딸기 모음집/20260521_021421005_iOS.heic,C:\Users\dhtmd\OneDrive\바탕 화면\robotarm\yolo\labeling_tools\strawberries_jpg\20260521_021421005_iOS.jpg
strawberry,train,딸기 모음집/20260521_021423104_iOS.heic,C:\Users\dhtmd\OneDrive\바탕 화면\robotarm\yolo\labeling_tools\strawberries_jpg\20260521_021423104_iOS.jpg
strawberry,train,딸기 모음집/20260521_021424005_iOS.heic,C:\Users\dhtmd\OneDrive\바탕 화면\robotarm\yolo\labeling_tools\strawberries_jpg\20260521_021424005_iOS.jpg
strawberry,test,딸기 모음집/20260521_021425281_iOS.heic,C:\Users\dhtmd\OneDrive\바탕 화면\robotarm\yolo\labeling_tools\strawberry_test_images\20260521_021425281_iOS.jpg
strawberry,train,딸기 모음집/20260521_021426303_iOS.heic,C:\Users\dhtmd\OneDrive\바탕 화면\robotarm\yolo\labeling_tools\strawberries_jpg\20260521_021426303_iOS.jpg
strawberry,train,딸기 모음집/20260521_021427163_iOS.heic,C:\Users\dhtmd\OneDrive\바탕 화면\robotarm\yolo\labeling_tools\strawberries_jpg\20260521_021427163_iOS.jpg
strawberry,train,딸기 모음집/20260521_021427857_iOS.heic,C:\Users\dhtmd\OneDrive\바탕 화면\robotarm\yolo\labeling_tools\strawberries_jpg\20260521_021427857_iOS.jpg
strawberry,train,딸기 모음집/20260521_021428693_iOS.heic,C:\Users\dhtmd\OneDrive\바탕 화면\robotarm\yolo\labeling_tools\strawberries_jpg\20260521_021428693_iOS.jpg
strawberry,train,딸기 모음집/20260521_021429405_iOS.heic,C:\Users\dhtmd\OneDrive\바탕 화면\robotarm\yolo\labeling_tools\strawberries_jpg\20260521_021429405_iOS.jpg
strawberry,test,딸기 모음집/20260521_021430064_iOS.heic,C:\Users\dhtmd\OneDrive\바탕 화면\robotarm\yolo\labeling_tools\strawberry_test_images\20260521_021430064_iOS.jpg
strawberry,train,딸기 모음집/20260521_021430684_iOS.heic,C:\Users\dhtmd\OneDrive\바탕 화면\robotarm\yolo\labeling_tools\strawberries_jpg\20260521_021430684_iOS.jpg
strawberry,train,딸기 모음집/20260521_021432416_iOS.heic,C:\Users\dhtmd\OneDrive\바탕 화면\robotarm\yolo\labeling_tools\strawberries_jpg\20260521_021432416_iOS.jpg
strawberry,train,딸기 모음집/20260521_021433333_iOS.heic,C:\Users\dhtmd\OneDrive\바탕 화면\robotarm\yolo\labeling_tools\strawberries_jpg\20260521_021433333_iOS.jpg
strawberry,train,딸기 모음집/20260521_021434197_iOS.heic,C:\Users\dhtmd\OneDrive\바탕 화면\robotarm\yolo\labeling_tools\strawberries_jpg\20260521_021434197_iOS.jpg
strawberry,train,딸기 모음집/20260521_021434876_iOS.heic,C:\Users\dhtmd\OneDrive\바탕 화면\robotarm\yolo\labeling_tools\strawberries_jpg\20260521_021434876_iOS.jpg
strawberry,test,딸기 모음집/20260521_021435645_iOS.heic,C:\Users\dhtmd\OneDrive\바탕 화면\robotarm\yolo\labeling_tools\strawberry_test_images\20260521_021435645_iOS.jpg
strawberry,train,딸기 모음집/20260521_021436453_iOS.heic,C:\Users\dhtmd\OneDrive\바탕 화면\robotarm\yolo\labeling_tools\strawberries_jpg\20260521_021436453_iOS.jpg
strawberry,train,딸기 모음집/20260521_021437174_iOS.heic,C:\Users\dhtmd\OneDrive\바탕 화면\robotarm\yolo\labeling_tools\strawberries_jpg\20260521_021437174_iOS.jpg
strawberry,train,딸기 모음집/20260521_021437974_iOS.heic,C:\Users\dhtmd\OneDrive\바탕 화면\robotarm\yolo\labeling_tools\strawberries_jpg\20260521_021437974_iOS.jpg
strawberry,train,딸기 모음집/20260521_022159237_iOS.heic,C:\Users\dhtmd\OneDrive\바탕 화면\robotarm\yolo\labeling_tools\strawberries_jpg\20260521_022159237_iOS.jpg
strawberry,train,딸기 모음집/20260521_022225288_iOS.heic,C:\Users\dhtmd\OneDrive\바탕 화면\robotarm\yolo\labeling_tools\strawberries_jpg\20260521_022225288_iOS.jpg
strawberry,test,딸기 모음집/20260521_022226009_iOS.heic,C:\Users\dhtmd\OneDrive\바탕 화면\robotarm\yolo\labeling_tools\strawberry_test_images\20260521_022226009_iOS.jpg
strawberry,train,딸기 모음집/20260521_022226637_iOS.heic,C:\Users\dhtmd\OneDrive\바탕 화면\robotarm\yolo\labeling_tools\strawberries_jpg\20260521_022226637_iOS.jpg
strawberry,train,딸기 모음집/20260521_022227375_iOS.heic,C:\Users\dhtmd\OneDrive\바탕 화면\robotarm\yolo\labeling_tools\strawberries_jpg\20260521_022227375_iOS.jpg
strawberry,train,딸기 모음집/20260521_022228304_iOS.heic,C:\Users\dhtmd\OneDrive\바탕 화면\robotarm\yolo\labeling_tools\strawberries_jpg\20260521_022228304_iOS.jpg
strawberry,train,딸기 모음집/20260521_022229058_iOS.heic,C:\Users\dhtmd\OneDrive\바탕 화면\robotarm\yolo\labeling_tools\strawberries_jpg\20260521_022229058_iOS.jpg
strawberry,train,딸기 모음집/20260521_022229666_iOS.heic,C:\Users\dhtmd\OneDrive\바탕 화면\robotarm\yolo\labeling_tools\strawberries_jpg\20260521_022229666_iOS.jpg
strawberry,test,딸기 모음집/20260521_022230541_iOS.heic,C:\Users\dhtmd\OneDrive\바탕 화면\robotarm\yolo\labeling_tools\strawberry_test_images\20260521_022230541_iOS.jpg
strawberry,train,딸기 모음집/20260521_022231549_iOS.heic,C:\Users\dhtmd\OneDrive\바탕 화면\robotarm\yolo\labeling_tools\strawberries_jpg\20260521_022231549_iOS.jpg
strawberry,train,딸기 모음집/20260521_022232162_iOS.heic,C:\Users\dhtmd\OneDrive\바탕 화면\robotarm\yolo\labeling_tools\strawberries_jpg\20260521_022232162_iOS.jpg
strawberry,train,딸기 모음집/20260521_022232717_iOS.heic,C:\Users\dhtmd\OneDrive\바탕 화면\robotarm\yolo\labeling_tools\strawberries_jpg\20260521_022232717_iOS.jpg
strawberry,train,딸기 모음집/20260521_022233422_iOS.heic,C:\Users\dhtmd\OneDrive\바탕 화면\robotarm\yolo\labeling_tools\strawberries_jpg\20260521_022233422_iOS.jpg
strawberry,train,딸기 모음집/20260521_022234430_iOS.heic,C:\Users\dhtmd\OneDrive\바탕 화면\robotarm\yolo\labeling_tools\strawberries_jpg\20260521_022234430_iOS.jpg
strawberry,test,딸기 모음집/20260521_022235251_iOS.heic,C:\Users\dhtmd\OneDrive\바탕 화면\robotarm\yolo\labeling_tools\strawberry_test_images\20260521_022235251_iOS.jpg
strawberry,train,딸기 모음집/20260521_022236846_iOS.heic,C:\Users\dhtmd\OneDrive\바탕 화면\robotarm\yolo\labeling_tools\strawberries_jpg\20260521_022236846_iOS.jpg
strawberry,train,딸기 모음집/20260521_022238816_iOS.heic,C:\Users\dhtmd\OneDrive\바탕 화면\robotarm\yolo\labeling_tools\strawberries_jpg\20260521_022238816_iOS.jpg
strawberry,train,딸기 모음집/20260521_022240020_iOS.heic,C:\Users\dhtmd\OneDrive\바탕 화면\robotarm\yolo\labeling_tools\strawberries_jpg\20260521_022240020_iOS.jpg
strawberry,train,딸기 모음집/20260521_022240622_iOS.heic,C:\Users\dhtmd\OneDrive\바탕 화면\robotarm\yolo\labeling_tools\strawberries_jpg\20260521_022240622_iOS.jpg
strawberry,train,딸기 모음집/20260521_022241303_iOS.heic,C:\Users\dhtmd\OneDrive\바탕 화면\robotarm\yolo\labeling_tools\strawberries_jpg\20260521_022241303_iOS.jpg
strawberry,test,딸기 모음집/20260521_022242115_iOS.heic,C:\Users\dhtmd\OneDrive\바탕 화면\robotarm\yolo\labeling_tools\strawberry_test_images\20260521_022242115_iOS.jpg
strawberry,train,딸기 모음집/20260521_022243001_iOS.heic,C:\Users\dhtmd\OneDrive\바탕 화면\robotarm\yolo\labeling_tools\strawberries_jpg\20260521_022243001_iOS.jpg
strawberry,train,딸기 모음집/20260521_022243739_iOS.heic,C:\Users\dhtmd\OneDrive\바탕 화면\robotarm\yolo\labeling_tools\strawberries_jpg\20260521_022243739_iOS.jpg
strawberry,train,딸기 모음집/20260521_022245238_iOS.heic,C:\Users\dhtmd\OneDrive\바탕 화면\robotarm\yolo\labeling_tools\strawberries_jpg\20260521_022245238_iOS.jpg
strawberry,train,딸기 모음집/20260521_022246346_iOS.heic,C:\Users\dhtmd\OneDrive\바탕 화면\robotarm\yolo\labeling_tools\strawberries_jpg\20260521_022246346_iOS.jpg
strawberry,train,딸기 모음집/20260521_022247849_iOS.heic,C:\Users\dhtmd\OneDrive\바탕 화면\robotarm\yolo\labeling_tools\strawberries_jpg\20260521_022247849_iOS.jpg
strawberry,test,딸기 모음집/20260521_022248669_iOS.heic,C:\Users\dhtmd\OneDrive\바탕 화면\robotarm\yolo\labeling_tools\strawberry_test_images\20260521_022248669_iOS.jpg
strawberry,train,딸기 모음집/20260521_022249515_iOS.heic,C:\Users\dhtmd\OneDrive\바탕 화면\robotarm\yolo\labeling_tools\strawberries_jpg\20260521_022249515_iOS.jpg
strawberry,train,딸기 모음집/20260521_022251296_iOS.heic,C:\Users\dhtmd\OneDrive\바탕 화면\robotarm\yolo\labeling_tools\strawberries_jpg\20260521_022251296_iOS.jpg
strawberry,train,딸기 모음집/20260521_022253876_iOS.heic,C:\Users\dhtmd\OneDrive\바탕 화면\robotarm\yolo\labeling_tools\strawberries_jpg\20260521_022253876_iOS.jpg
strawberry,train,딸기 모음집/20260521_022256699_iOS.heic,C:\Users\dhtmd\OneDrive\바탕 화면\robotarm\yolo\labeling_tools\strawberries_jpg\20260521_022256699_iOS.jpg
strawberry,train,딸기 모음집/20260521_022257173_iOS.heic,C:\Users\dhtmd\OneDrive\바탕 화면\robotarm\yolo\labeling_tools\strawberries_jpg\20260521_022257173_iOS.jpg
strawberry,train,딸기 모음집/20260521_022257929_iOS.heic,C:\Users\dhtmd\OneDrive\바탕 화면\robotarm\yolo\labeling_tools\strawberries_jpg\20260521_022257929_iOS.jpg
strawberry,test,딸기 모음집/20260521_022259548_iOS.heic,C:\Users\dhtmd\OneDrive\바탕 화면\robotarm\yolo\labeling_tools\strawberry_test_images\20260521_022259548_iOS.jpg
strawberry,train,딸기 모음집/20260521_022300285_iOS.heic,C:\Users\dhtmd\OneDrive\바탕 화면\robotarm\yolo\labeling_tools\strawberries_jpg\20260521_022300285_iOS.jpg
strawberry,train,딸기 모음집/20260521_022301057_iOS.heic,C:\Users\dhtmd\OneDrive\바탕 화면\robotarm\yolo\labeling_tools\strawberries_jpg\20260521_022301057_iOS.jpg
strawberry,train,딸기 모음집/20260521_022301795_iOS.heic,C:\Users\dhtmd\OneDrive\바탕 화면\robotarm\yolo\labeling_tools\strawberries_jpg\20260521_022301795_iOS.jpg
strawberry,train,딸기 모음집/20260521_022302459_iOS.heic,C:\Users\dhtmd\OneDrive\바탕 화면\robotarm\yolo\labeling_tools\strawberries_jpg\20260521_022302459_iOS.jpg
strawberry,train,딸기 모음집/20260521_022303067_iOS.heic,C:\Users\dhtmd\OneDrive\바탕 화면\robotarm\yolo\labeling_tools\strawberries_jpg\20260521_022303067_iOS.jpg
strawberry,test,딸기 모음집/20260521_022303930_iOS.heic,C:\Users\dhtmd\OneDrive\바탕 화면\robotarm\yolo\labeling_tools\strawberry_test_images\20260521_022303930_iOS.jpg
strawberry,train,딸기 모음집/20260521_022304707_iOS.heic,C:\Users\dhtmd\OneDrive\바탕 화면\robotarm\yolo\labeling_tools\strawberries_jpg\20260521_022304707_iOS.jpg
strawberry,train,딸기 모음집/20260521_022305910_iOS.heic,C:\Users\dhtmd\OneDrive\바탕 화면\robotarm\yolo\labeling_tools\strawberries_jpg\20260521_022305910_iOS.jpg
strawberry,train,딸기 모음집/20260521_022307367_iOS.heic,C:\Users\dhtmd\OneDrive\바탕 화면\robotarm\yolo\labeling_tools\strawberries_jpg\20260521_022307367_iOS.jpg
strawberry,train,딸기 모음집/20260521_022309117_iOS.heic,C:\Users\dhtmd\OneDrive\바탕 화면\robotarm\yolo\labeling_tools\strawberries_jpg\20260521_022309117_iOS.jpg
strawberry,train,딸기 모음집/20260521_022309741_iOS.heic,C:\Users\dhtmd\OneDrive\바탕 화면\robotarm\yolo\labeling_tools\strawberries_jpg\20260521_022309741_iOS.jpg
strawberry,test,딸기 모음집/20260521_022310479_iOS.heic,C:\Users\dhtmd\OneDrive\바탕 화면\robotarm\yolo\labeling_tools\strawberry_test_images\20260521_022310479_iOS.jpg
strawberry,train,딸기 모음집/20260521_022311271_iOS.heic,C:\Users\dhtmd\OneDrive\바탕 화면\robotarm\yolo\labeling_tools\strawberries_jpg\20260521_022311271_iOS.jpg
strawberry,train,딸기 모음집/20260521_022312054_iOS.heic,C:\Users\dhtmd\OneDrive\바탕 화면\robotarm\yolo\labeling_tools\strawberries_jpg\20260521_022312054_iOS.jpg
strawberry,train,딸기 모음집/20260521_022312741_iOS.heic,C:\Users\dhtmd\OneDrive\바탕 화면\robotarm\yolo\labeling_tools\strawberries_jpg\20260521_022312741_iOS.jpg
strawberry,train,딸기 모음집/20260521_022313599_iOS.heic,C:\Users\dhtmd\OneDrive\바탕 화면\robotarm\yolo\labeling_tools\strawberries_jpg\20260521_022313599_iOS.jpg
strawberry,train,딸기 모음집/20260521_022314683_iOS.heic,C:\Users\dhtmd\OneDrive\바탕 화면\robotarm\yolo\labeling_tools\strawberries_jpg\20260521_022314683_iOS.jpg
strawberry,test,딸기 모음집/20260521_022315799_iOS.heic,C:\Users\dhtmd\OneDrive\바탕 화면\robotarm\yolo\labeling_tools\strawberry_test_images\20260521_022315799_iOS.jpg
strawberry,train,딸기 모음집/20260521_022316653_iOS.heic,C:\Users\dhtmd\OneDrive\바탕 화면\robotarm\yolo\labeling_tools\strawberries_jpg\20260521_022316653_iOS.jpg
strawberry,train,딸기 모음집/20260521_022317376_iOS.heic,C:\Users\dhtmd\OneDrive\바탕 화면\robotarm\yolo\labeling_tools\strawberries_jpg\20260521_022317376_iOS.jpg
strawberry,train,딸기 모음집/20260521_022318606_iOS.heic,C:\Users\dhtmd\OneDrive\바탕 화면\robotarm\yolo\labeling_tools\strawberries_jpg\20260521_022318606_iOS.jpg
strawberry,train,딸기 모음집/20260521_022319396_iOS.heic,C:\Users\dhtmd\OneDrive\바탕 화면\robotarm\yolo\labeling_tools\strawberries_jpg\20260521_022319396_iOS.jpg
strawberry,train,딸기 모음집/20260521_022320066_iOS.heic,C:\Users\dhtmd\OneDrive\바탕 화면\robotarm\yolo\labeling_tools\strawberries_jpg\20260521_022320066_iOS.jpg
strawberry,test,딸기 모음집/20260521_022320685_iOS.heic,C:\Users\dhtmd\OneDrive\바탕 화면\robotarm\yolo\labeling_tools\strawberry_test_images\20260521_022320685_iOS.jpg
strawberry,train,딸기 모음집/20260521_022321286_iOS.heic,C:\Users\dhtmd\OneDrive\바탕 화면\robotarm\yolo\labeling_tools\strawberries_jpg\20260521_022321286_iOS.jpg
strawberry,train,딸기 모음집/20260521_022321952_iOS.heic,C:\Users\dhtmd\OneDrive\바탕 화면\robotarm\yolo\labeling_tools\strawberries_jpg\20260521_022321952_iOS.jpg
strawberry,train,딸기 모음집/20260521_022322541_iOS.heic,C:\Users\dhtmd\OneDrive\바탕 화면\robotarm\yolo\labeling_tools\strawberries_jpg\20260521_022322541_iOS.jpg
strawberry,train,딸기 모음집/20260521_022323142_iOS.heic,C:\Users\dhtmd\OneDrive\바탕 화면\robotarm\yolo\labeling_tools\strawberries_jpg\20260521_022323142_iOS.jpg
strawberry,train,딸기 모음집/20260521_022323997_iOS.heic,C:\Users\dhtmd\OneDrive\바탕 화면\robotarm\yolo\labeling_tools\strawberries_jpg\20260521_022323997_iOS.jpg
strawberry,test,딸기 모음집/20260521_022325422_iOS.heic,C:\Users\dhtmd\OneDrive\바탕 화면\robotarm\yolo\labeling_tools\strawberry_test_images\20260521_022325422_iOS.jpg
strawberry,train,딸기 모음집/20260521_022326137_iOS.heic,C:\Users\dhtmd\OneDrive\바탕 화면\robotarm\yolo\labeling_tools\strawberries_jpg\20260521_022326137_iOS.jpg
strawberry,train,딸기 모음집/20260521_022326694_iOS.heic,C:\Users\dhtmd\OneDrive\바탕 화면\robotarm\yolo\labeling_tools\strawberries_jpg\20260521_022326694_iOS.jpg
strawberry,train,딸기 모음집/20260521_022327227_iOS.heic,C:\Users\dhtmd\OneDrive\바탕 화면\robotarm\yolo\labeling_tools\strawberries_jpg\20260521_022327227_iOS.jpg
strawberry,train,딸기 모음집/20260521_022327937_iOS.heic,C:\Users\dhtmd\OneDrive\바탕 화면\robotarm\yolo\labeling_tools\strawberries_jpg\20260521_022327937_iOS.jpg
strawberry,train,딸기 모음집/20260521_022328596_iOS.heic,C:\Users\dhtmd\OneDrive\바탕 화면\robotarm\yolo\labeling_tools\strawberries_jpg\20260521_022328596_iOS.jpg
strawberry,test,딸기 모음집/20260521_022329316_iOS.heic,C:\Users\dhtmd\OneDrive\바탕 화면\robotarm\yolo\labeling_tools\strawberry_test_images\20260521_022329316_iOS.jpg
strawberry,train,딸기 모음집/20260521_022329987_iOS.heic,C:\Users\dhtmd\OneDrive\바탕 화면\robotarm\yolo\labeling_tools\strawberries_jpg\20260521_022329987_iOS.jpg
strawberry,train,딸기 모음집/20260521_022330662_iOS.heic,C:\Users\dhtmd\OneDrive\바탕 화면\robotarm\yolo\labeling_tools\strawberries_jpg\20260521_022330662_iOS.jpg
strawberry,train,딸기 모음집/20260521_022331591_iOS.heic,C:\Users\dhtmd\OneDrive\바탕 화면\robotarm\yolo\labeling_tools\strawberries_jpg\20260521_022331591_iOS.jpg
strawberry,train,딸기 모음집/20260521_022332236_iOS.heic,C:\Users\dhtmd\OneDrive\바탕 화면\robotarm\yolo\labeling_tools\strawberries_jpg\20260521_022332236_iOS.jpg
strawberry,train,딸기 모음집/20260521_022333565_iOS.heic,C:\Users\dhtmd\OneDrive\바탕 화면\robotarm\yolo\labeling_tools\strawberries_jpg\20260521_022333565_iOS.jpg
strawberry,test,딸기 모음집/20260521_022334698_iOS.heic,C:\Users\dhtmd\OneDrive\바탕 화면\robotarm\yolo\labeling_tools\strawberry_test_images\20260521_022334698_iOS.jpg
strawberry,train,딸기 모음집/20260521_022335792_iOS.heic,C:\Users\dhtmd\OneDrive\바탕 화면\robotarm\yolo\labeling_tools\strawberries_jpg\20260521_022335792_iOS.jpg
strawberry,train,딸기 모음집/20260521_022336214_iOS.heic,C:\Users\dhtmd\OneDrive\바탕 화면\robotarm\yolo\labeling_tools\strawberries_jpg\20260521_022336214_iOS.jpg
strawberry,train,딸기 모음집/20260521_022336844_iOS.heic,C:\Users\dhtmd\OneDrive\바탕 화면\robotarm\yolo\labeling_tools\strawberries_jpg\20260521_022336844_iOS.jpg
strawberry,train,딸기 모음집/20260521_022337494_iOS.heic,C:\Users\dhtmd\OneDrive\바탕 화면\robotarm\yolo\labeling_tools\strawberries_jpg\20260521_022337494_iOS.jpg
strawberry,train,딸기 모음집/20260521_022338978_iOS.heic,C:\Users\dhtmd\OneDrive\바탕 화면\robotarm\yolo\labeling_tools\strawberries_jpg\20260521_022338978_iOS.jpg
strawberry,test,딸기 모음집/20260521_022340414_iOS.heic,C:\Users\dhtmd\OneDrive\바탕 화면\robotarm\yolo\labeling_tools\strawberry_test_images\20260521_022340414_iOS.jpg
strawberry,train,딸기 모음집/20260521_022340939_iOS.heic,C:\Users\dhtmd\OneDrive\바탕 화면\robotarm\yolo\labeling_tools\strawberries_jpg\20260521_022340939_iOS.jpg
strawberry,train,딸기 모음집/20260521_022341694_iOS.heic,C:\Users\dhtmd\OneDrive\바탕 화면\robotarm\yolo\labeling_tools\strawberries_jpg\20260521_022341694_iOS.jpg
strawberry,train,딸기 모음집/20260521_022342436_iOS.heic,C:\Users\dhtmd\OneDrive\바탕 화면\robotarm\yolo\labeling_tools\strawberries_jpg\20260521_022342436_iOS.jpg
strawberry,train,딸기 모음집/20260521_022343904_iOS.heic,C:\Users\dhtmd\OneDrive\바탕 화면\robotarm\yolo\labeling_tools\strawberries_jpg\20260521_022343904_iOS.jpg
strawberry,train,딸기 모음집/20260521_022344355_iOS.heic,C:\Users\dhtmd\OneDrive\바탕 화면\robotarm\yolo\labeling_tools\strawberries_jpg\20260521_022344355_iOS.jpg
strawberry,test,딸기 모음집/20260521_022345068_iOS.heic,C:\Users\dhtmd\OneDrive\바탕 화면\robotarm\yolo\labeling_tools\strawberry_test_images\20260521_022345068_iOS.jpg
strawberry,train,딸기 모음집/20260521_022345787_iOS.heic,C:\Users\dhtmd\OneDrive\바탕 화면\robotarm\yolo\labeling_tools\strawberries_jpg\20260521_022345787_iOS.jpg
strawberry,train,딸기 모음집/20260521_022347219_iOS.heic,C:\Users\dhtmd\OneDrive\바탕 화면\robotarm\yolo\labeling_tools\strawberries_jpg\20260521_022347219_iOS.jpg
strawberry,train,딸기 모음집/20260521_022347663_iOS.heic,C:\Users\dhtmd\OneDrive\바탕 화면\robotarm\yolo\labeling_tools\strawberries_jpg\20260521_022347663_iOS.jpg
strawberry,train,딸기 모음집/20260521_022349080_iOS.heic,C:\Users\dhtmd\OneDrive\바탕 화면\robotarm\yolo\labeling_tools\strawberries_jpg\20260521_022349080_iOS.jpg
strawberry,train,딸기 모음집/20260521_022349694_iOS.heic,C:\Users\dhtmd\OneDrive\바탕 화면\robotarm\yolo\labeling_tools\strawberries_jpg\20260521_022349694_iOS.jpg
strawberry,test,딸기 모음집/20260521_022350263_iOS.heic,C:\Users\dhtmd\OneDrive\바탕 화면\robotarm\yolo\labeling_tools\strawberry_test_images\20260521_022350263_iOS.jpg
strawberry,train,딸기 모음집/20260521_022350911_iOS.heic,C:\Users\dhtmd\OneDrive\바탕 화면\robotarm\yolo\labeling_tools\strawberries_jpg\20260521_022350911_iOS.jpg
strawberry,train,딸기 모음집/20260521_022351902_iOS.heic,C:\Users\dhtmd\OneDrive\바탕 화면\robotarm\yolo\labeling_tools\strawberries_jpg\20260521_022351902_iOS.jpg
strawberry,train,딸기 모음집/20260521_022352453_iOS.heic,C:\Users\dhtmd\OneDrive\바탕 화면\robotarm\yolo\labeling_tools\strawberries_jpg\20260521_022352453_iOS.jpg
strawberry,train,딸기 모음집/20260521_022353076_iOS.heic,C:\Users\dhtmd\OneDrive\바탕 화면\robotarm\yolo\labeling_tools\strawberries_jpg\20260521_022353076_iOS.jpg
strawberry,train,딸기 모음집/20260521_022353723_iOS.heic,C:\Users\dhtmd\OneDrive\바탕 화면\robotarm\yolo\labeling_tools\strawberries_jpg\20260521_022353723_iOS.jpg
strawberry,test,딸기 모음집/20260521_022354336_iOS.heic,C:\Users\dhtmd\OneDrive\바탕 화면\robotarm\yolo\labeling_tools\strawberry_test_images\20260521_022354336_iOS.jpg
strawberry,train,딸기 모음집/20260521_022355093_iOS.heic,C:\Users\dhtmd\OneDrive\바탕 화면\robotarm\yolo\labeling_tools\strawberries_jpg\20260521_022355093_iOS.jpg
strawberry,train,딸기 모음집/20260521_022356006_iOS.heic,C:\Users\dhtmd\OneDrive\바탕 화면\robotarm\yolo\labeling_tools\strawberries_jpg\20260521_022356006_iOS.jpg
strawberry,train,딸기 모음집/20260521_022357043_iOS.heic,C:\Users\dhtmd\OneDrive\바탕 화면\robotarm\yolo\labeling_tools\strawberries_jpg\20260521_022357043_iOS.jpg
strawberry,train,딸기 모음집/20260521_022358404_iOS.heic,C:\Users\dhtmd\OneDrive\바탕 화면\robotarm\yolo\labeling_tools\strawberries_jpg\20260521_022358404_iOS.jpg
strawberry,train,딸기 모음집/20260521_022359857_iOS.heic,C:\Users\dhtmd\OneDrive\바탕 화면\robotarm\yolo\labeling_tools\strawberries_jpg\20260521_022359857_iOS.jpg
strawberry,test,딸기 모음집/20260521_022401162_iOS.heic,C:\Users\dhtmd\OneDrive\바탕 화면\robotarm\yolo\labeling_tools\strawberry_test_images\20260521_022401162_iOS.jpg
